CNPJ;CODIGO_SERVICO;CODIGO_UNIDADE;DATA_VIGENCIA;VALOR_MAXIMO;CODIGO_TIPO_VALOR
36321990;517225378;4212814268;2021-06-09;0.0;1
36321990;208825500;291672851;2021-06-10;0.0;1
36321990;1297709378;291672851;2021-06-10;0.0;1
36321990;3885590955;291672851;2021-06-10;0.0;1
36321990;1457231501;291672851;2021-06-10;0.0;1
36321990;251898314;291672851;2021-06-10;0.0;1
36321990;722985978;291672851;2021-06-10;0.0;1
36321990;3549813610;3130424873;2021-06-10;0.0;1
36321990;1703559287;3130424873;2021-06-10;0.0;1
36321990;59973342;3130424873;1996-07-25;0.0;1
36321990;931113261;3130424873;2009-12-31;0.0;1
36321990;4088963607;2334312382;2009-12-31;0.0;1
36321990;562647883;76980960;1996-07-25;0.0;1
36321990;451361109;3552362993;1996-07-25;0.0;1
36321990;213799889;3226552005;1996-07-25;0.0;1
36321990;3722594547;55137634;1996-07-25;0.0;1
36321990;3047578516;3620266624;1996-07-25;0.0;1
27214112;517225378;4212814268;2020-06-15;50000.0;1
27214112;2507855363;4212814268;2020-06-15;50000.0;1
27214112;3549813610;3130424873;2021-03-29;3.0;2
27214112;1703559287;3130424873;2021-03-29;3.0;2
27214112;59973342;3130424873;2020-06-15;30000.0;1
27214112;931113261;3130424873;2020-06-15;300.0;1
27214112;562647883;76980960;2017-11-24;50.0;1
3532415;517225378;4212814268;2013-09-27;0.0;1
3532415;2507855363;4212814268;2013-09-27;0.0;1
3532415;401013730;790762196;2013-09-27;0.0;1
3532415;1999274468;3130424873;2013-09-26;0.0;1
3532415;3914208327;3130424873;2013-09-26;0.0;1
3532415;2892147488;2334312382;2013-09-26;0.0;1
3532415;3549813610;3130424873;2013-09-26;0.0;1
3532415;1703559287;3130424873;2013-09-27;0.0;1
3532415;59973342;3130424873;2013-09-26;0.0;1
3532415;4088963607;2334312382;2013-09-26;0.0;1
3532415;3404335289;2334312382;2017-03-28;500.0;1
54403563;517225378;4212814268;1996-10-01;30.0;1
54403563;2507855363;4212814268;2004-01-20;30.0;1
54403563;401013730;790762196;1996-07-25;0.0;1
54403563;3352906462;215245658;1996-07-25;0.0;1
54403563;238187707;215245658;2003-04-23;20.0;1
54403563;4139694264;2796048544;1996-10-01;11.0;1
54403563;2247006610;2796048544;2003-04-23;10.0;1
54403563;664244417;2796048544;1996-10-01;6.0;1
54403563;2499948814;2796048544;1996-10-01;5.0;1
54403563;1212492764;2796048544;1996-07-25;0.0;1
54403563;1376025641;2796048544;1996-07-25;0.0;1
54403563;3282491652;2796048544;2009-11-24;0.0;1
54403563;3498183911;3998832198;2004-04-20;0.11;2
54403563;1304795553;2796048544;2004-04-20;0.11;2
54403563;261338284;3980542086;1996-07-25;0.0;1
54403563;2134295316;3980542086;2004-04-20;20.0;1
54403563;721558336;3980542086;1996-10-01;15.0;1
54403563;108748504;3980542086;2004-04-20;10.0;2
54403563;3138124404;3980542086;2009-11-24;0.0;1
54403563;1278864091;3130424873;1996-07-25;0.0;1
54403563;1999274468;3130424873;1996-10-01;10.0;1
54403563;3914208327;3130424873;2003-04-23;10.0;1
54403563;2426173656;3130424873;1996-07-25;0.0;1
54403563;2892147488;2334312382;2003-04-23;10.0;1
54403563;2898105392;3850018889;1996-07-25;0.0;1
54403563;2103527507;3850018889;1996-07-25;0.0;1
54403563;208825500;291672851;2003-04-23;6.0;1
54403563;1297709378;291672851;2003-04-23;6.0;1
54403563;3885590955;291672851;2003-04-23;6.0;1
54403563;3930090225;291672851;2009-11-24;0.0;1
54403563;1457231501;291672851;2003-04-23;6.0;1
54403563;251898314;291672851;2003-04-23;6.0;1
54403563;722985978;291672851;2003-04-23;6.0;1
54403563;3549813610;3130424873;2008-05-30;4000.0;1
54403563;1703559287;3130424873;2008-04-30;200.0;1
54403563;59973342;3130424873;2003-04-23;200.0;1
54403563;931113261;3130424873;2004-04-20;2.0;1
54403563;4088963607;2334312382;2007-07-10;4000.0;1
54403563;562647883;76980960;1996-10-01;2.2;1
54403563;451361109;3552362993;2004-01-20;30.0;1
54403563;213799889;3226552005;2004-01-20;30.0;1
54403563;3722594547;55137634;1996-07-25;0.0;1
15173776;517225378;4212814268;2021-02-26;120.0;1
15173776;2507855363;4212814268;2021-02-26;100.0;1
15173776;401013730;790762196;2016-10-07;50.0;1
15173776;238187707;215245658;2016-10-07;22.0;1
15173776;4139694264;2796048544;2003-11-19;30.0;1
15173776;2247006610;2796048544;2016-10-07;6.0;1
15173776;664244417;2796048544;2015-11-06;8.0;1
15173776;2499948814;2796048544;2016-10-07;8.0;1
15173776;1212492764;2796048544;2009-12-25;10.0;1
15173776;1376025641;2796048544;2015-11-06;30.0;1
15173776;3282491652;2796048544;2009-12-24;0.0;1
15173776;3498183911;3998832198;2009-12-24;0.0;1
15173776;1304795553;2796048544;2009-12-24;0.11;2
15173776;84893611;2796048544;2009-12-24;0.0;1
15173776;261338284;3980542086;1996-07-25;0.0;1
15173776;2134295316;3980542086;2009-12-24;0.0;1
15173776;721558336;3980542086;2010-11-01;10.0;1
15173776;4029333510;3130424873;2009-12-23;5.0;1
15173776;108748504;3980542086;2001-04-10;30.0;1
15173776;3138124404;3980542086;2021-02-26;620.0;1
15173776;1278864091;3130424873;2021-02-26;3.5;1
15173776;1999274468;3130424873;2013-08-01;10.0;1
15173776;3914208327;3130424873;1996-07-25;0.0;1
15173776;2892147488;2334312382;2015-11-06;10.0;1
15173776;2898105392;3850018889;2015-11-06;10.0;1
15173776;2103527507;3850018889;2021-02-26;20.0;1
15173776;208825500;291672851;2021-02-26;4.5;1
15173776;3930090225;291672851;2021-02-26;5.0;1
15173776;1457231501;291672851;2015-11-06;15.0;1
15173776;251898314;291672851;2015-11-06;10.0;1
15173776;722985978;291672851;2021-02-26;6.0;1
15173776;3549813610;3130424873;2021-03-25;700.0;1
15173776;1703559287;3130424873;2018-03-01;580.0;1
15173776;59973342;3130424873;1996-07-25;0.0;1
15173776;931113261;3130424873;2015-01-31;5.0;1
15173776;4088963607;2334312382;2005-05-02;0.0;1
15173776;562647883;76980960;2021-02-26;8.0;1
15173776;451361109;3552362993;1996-07-25;0.0;1
15173776;213799889;3226552005;1996-07-25;0.0;1
15173776;3722594547;55137634;1996-07-25;0.0;1
15173776;3047578516;3620266624;1997-01-23;2.0;1
2992446;517225378;4212814268;2017-11-20;1400.0;1
2992446;2507855363;4212814268;2012-06-29;0.0;1
2992446;208825500;291672851;2002-03-31;0.0;1
2992446;1297709378;291672851;2002-03-31;0.0;1
2992446;3885590955;291672851;2002-03-31;0.0;1
2992446;3930090225;291672851;2012-06-29;0.0;1
2992446;1457231501;291672851;2002-03-31;0.0;1
2992446;251898314;291672851;2012-06-29;0.0;1
2992446;722985978;291672851;2002-03-31;0.0;1
2992446;3549813610;3130424873;2008-04-30;0.0;1
2992446;1703559287;3130424873;2008-04-30;0.0;1
2992446;59973342;3130424873;2012-06-29;800.0;1
2992446;931113261;3130424873;2012-06-29;0.0;1
2992446;4088963607;2334312382;2008-04-30;0.0;1
2992446;562647883;76980960;2012-06-29;200.0;1
2992446;451361109;3552362993;2002-03-31;0.0;1
2992446;213799889;3226552005;2002-03-31;0.0;1
2992446;3722594547;55137634;2008-04-30;0.0;1
2992446;3047578516;3620266624;2002-03-31;0.0;1
2992446;4038098750;3620266624;2002-03-31;0.0;1
4902979;517225378;4212814268;2019-03-28;80.0;1
4902979;2507855363;4212814268;2010-01-25;50.0;1
4902979;401013730;790762196;2010-01-25;20.0;1
4902979;1794013178;2932253015;2019-04-18;13.0;1
4902979;3264781717;2932253015;2019-04-18;13.0;1
4902979;3352906462;215245658;2019-03-28;17.0;1
4902979;238187707;215245658;2019-03-28;34.0;1
4902979;4139694264;2796048544;2008-04-30;50.0;1
4902979;2247006610;2796048544;2002-12-01;5.0;1
4902979;664244417;2796048544;2019-03-28;60.0;1
4902979;2499948814;2796048544;2019-03-28;15.0;1
4902979;1212492764;2796048544;2005-01-23;0.0;1
4902979;1376025641;2796048544;2015-07-10;55.0;1
4902979;3282491652;2796048544;1996-07-25;0.0;1
4902979;4282307012;2796048544;2010-04-01;12.0;1
4902979;3498183911;3998832198;2007-08-10;0.11;2
4902979;1304795553;2796048544;2007-08-10;0.11;2
4902979;84893611;2796048544;2007-08-10;0.11;2
4902979;261338284;3980542086;1996-07-25;0.0;1
4902979;2134295316;3980542086;2019-03-28;45.0;1
4902979;721558336;3980542086;2016-05-19;25.0;1
4902979;4029333510;3130424873;2019-04-06;60.0;1
4902979;108748504;3980542086;2007-08-10;100.0;1
4902979;3138124404;3980542086;2007-08-10;100.0;1
4902979;1278864091;3130424873;2010-04-01;3.5;1
4902979;3022833355;3980542086;2005-01-23;0.0;1
4902979;3400674877;3980542086;2005-01-23;0.0;1
4902979;1155441338;1685172514;2017-06-30;3.0;1
4902979;1999274468;3130424873;2019-03-28;18.0;1
4902979;3914208327;3130424873;2019-03-28;18.0;1
4902979;108460112;3130424873;1996-07-25;0.0;1
4902979;2892147488;2334312382;2019-03-28;19.0;1
4902979;3667395183;3850018889;2015-07-10;3.0;1
4902979;2898105392;3850018889;2019-03-28;3.0;1
4902979;2103527507;3850018889;2000-11-01;10.0;1
4902979;208825500;291672851;2013-09-16;10.0;1
4902979;1297709378;291672851;2019-03-28;5.5;1
4902979;3885590955;291672851;2015-07-10;6.0;1
4902979;3930090225;291672851;2017-06-30;5.9;1
4902979;1457231501;291672851;2017-06-30;9.0;1
4902979;251898314;291672851;2018-09-22;9.0;1
4902979;722985978;291672851;2015-07-10;6.5;1
4902979;3549813610;3130424873;2003-06-02;2.0;2
4902979;1703559287;3130424873;2007-11-18;1.0;2
4902979;59973342;3130424873;2007-11-18;1.0;2
4902979;931113261;3130424873;2015-07-10;0.6;1
4902979;4088963607;2334312382;2005-05-14;0.0;1
4902979;562647883;76980960;2016-06-06;6.0;1
4902979;451361109;3552362993;2002-05-02;8.0;1
4902979;213799889;3226552005;2002-05-02;8.0;1
4902979;3722594547;55137634;1996-07-25;0.0;1
4902979;3047578516;3620266624;2005-01-23;3.0;1
4902979;4038098750;3620266624;1997-12-01;2.0;1
4902979;3404335289;2334312382;2017-11-16;270.0;1
4902979;137450532;2334312382;2009-12-28;0.0;1
4902979;1081020376;2334312382;2010-01-25;100.0;1
4902979;1977308685;2334312382;2018-09-23;90.0;1
4902979;2497826358;2334312382;2017-11-16;270.0;1
4902979;2636846175;2334312382;2007-11-18;100.0;1
4902979;990522243;2334312382;2018-09-23;90.0;1
4902979;2060264988;2334312382;2007-11-18;100.0;1
4902979;2238063555;2334312382;2009-12-28;0.0;1
4902979;4247246681;2334312382;2010-01-25;100.0;1
4902979;2805208638;2334312382;2009-12-28;0.0;1
5040481;517225378;4212814268;2011-07-18;1500.0;1
5040481;2507855363;4212814268;2011-07-18;1500.0;1
5040481;401013730;790762196;2008-06-01;0.0;1
5040481;3930090225;291672851;2009-04-05;50.0;1
5040481;1457231501;291672851;2008-06-01;0.0;1
5040481;251898314;291672851;2008-06-01;0.0;1
5040481;722985978;291672851;2008-06-01;0.0;1
5040481;3549813610;3130424873;2018-12-12;3.0;2
5040481;1703559287;3130424873;2011-07-18;800.0;1
5040481;59973342;3130424873;2015-01-02;3000.0;1
5040481;931113261;3130424873;2007-08-11;50.0;1
5040481;4088963607;2334312382;2008-06-01;0.0;1
5040481;562647883;76980960;2011-07-18;200.0;1
5040481;451361109;3552362993;2008-06-01;0.0;1
5040481;213799889;3226552005;2008-06-01;0.0;1
5040481;3722594547;55137634;2008-06-01;0.0;1
92874270;517225378;4212814268;2021-11-01;4000.0;1
92874270;2507855363;4212814268;2021-11-01;350.0;1
92874270;401013730;790762196;1996-07-25;0.0;1
92874270;394608683;2932253015;2017-09-10;650.0;1
92874270;3680833098;2932253015;2021-11-01;20.0;1
92874270;99858557;2932253015;2017-09-10;650.0;1
92874270;3239405682;2932253015;2021-11-01;20.0;1
92874270;4139694264;2796048544;2008-04-30;10.0;1
92874270;2247006610;2796048544;2008-04-30;10.0;1
92874270;664244417;2796048544;2017-08-26;10.0;1
92874270;2499948814;2796048544;2017-08-26;11.0;1
92874270;1376025641;2796048544;2017-08-26;50.0;1
92874270;3498183911;3998832198;2009-11-27;0.0;1
92874270;1304795553;2796048544;2009-11-27;0.0;1
92874270;84893611;2796048544;2009-11-27;0.0;1
92874270;261338284;3980542086;1996-07-25;0.0;1
92874270;2134295316;3980542086;2019-11-07;178.13;1
92874270;721558336;3980542086;1996-07-25;0.0;1
92874270;4029333510;3130424873;2009-11-27;0.0;1
92874270;108748504;3980542086;2021-11-01;0.0;1
92874270;3138124404;3980542086;2021-11-01;0.0;1
92874270;1278864091;3130424873;1996-07-25;0.0;1
92874270;1999274468;3130424873;2021-11-01;15.0;1
92874270;3914208327;3130424873;2021-11-01;15.0;1
92874270;2426173656;3130424873;2021-11-01;30.0;1
92874270;2892147488;2334312382;2021-11-01;15.0;1
92874270;2898105392;3850018889;2020-01-29;0.0;1
92874270;208825500;291672851;2021-11-01;150.0;1
92874270;3885590955;291672851;2019-08-01;4.9;1
92874270;3930090225;291672851;2021-11-01;10.0;1
92874270;1457231501;291672851;2021-11-01;15.0;1
92874270;251898314;291672851;2021-11-01;15.0;1
92874270;722985978;291672851;1996-07-25;0.0;1
92874270;3549813610;3130424873;2021-11-01;750.0;1
92874270;1703559287;3130424873;2021-11-01;750.0;1
92874270;59973342;3130424873;2021-11-01;750.0;1
92874270;4088963607;2334312382;2008-04-30;2500.0;1
92874270;562647883;76980960;2019-08-01;195.0;1
92874270;451361109;3552362993;1996-07-25;0.0;1
92874270;213799889;3226552005;1996-07-25;0.0;1
92874270;3722594547;55137634;1996-07-25;0.0;1
92874270;3047578516;3620266624;2009-11-27;0.0;1
92874270;4038098750;3620266624;2009-11-27;0.0;1
27098060;3549813610;3130424873;2018-03-12;5000.0;1
13009717;517225378;4212814268;2018-09-01;45.0;1
13009717;2507855363;4212814268;2018-09-01;45.0;1
13009717;401013730;790762196;2020-09-01;0.0;1
13009717;1794013178;2932253015;2022-03-01;10.0;1
13009717;3264781717;2932253015;2018-09-01;9.0;1
13009717;3756945383;2932253015;2022-03-01;10.0;1
13009717;1118432461;2932253015;2022-03-01;10.0;1
13009717;3352906462;215245658;2018-09-01;25.0;1
13009717;238187707;215245658;2018-09-01;50.0;1
13009717;4139694264;2796048544;2018-03-01;30.0;1
13009717;2247006610;2796048544;2017-09-01;3.85;1
13009717;664244417;2796048544;2019-03-01;58.0;1
13009717;2499948814;2796048544;2017-09-14;15.0;1
13009717;1376025641;2796048544;2017-09-14;60.0;1
13009717;4282307012;2796048544;2011-08-15;1.2;1
13009717;3498183911;3998832198;2018-09-01;30.0;1
13009717;1304795553;2796048544;2002-12-30;0.05;2
13009717;84893611;2796048544;2002-12-30;0.05;2
13009717;261338284;3980542086;1996-07-25;0.0;1
13009717;2134295316;3980542086;2022-03-01;45.0;1
13009717;721558336;3980542086;2015-08-10;20.0;1
13009717;4029333510;3130424873;2020-09-01;100.0;1
13009717;108748504;3980542086;2010-02-14;400.0;1
13009717;3138124404;3980542086;2015-08-10;250.0;1
13009717;1278864091;3130424873;2018-09-01;5.0;1
13009717;1155441338;1685172514;2018-09-01;8.0;1
13009717;1999274468;3130424873;2020-03-01;20.0;1
13009717;3914208327;3130424873;2020-03-01;20.0;1
13009717;2426173656;3130424873;2020-09-01;35.0;1
13009717;108460112;3130424873;1996-07-25;0.0;1
13009717;2892147488;2334312382;2022-03-01;20.0;1
13009717;3667395183;3850018889;2018-09-01;6.0;1
13009717;2898105392;3850018889;2020-03-01;6.0;1
13009717;2103527507;3850018889;2020-03-01;9.5;1
13009717;208825500;291672851;1997-01-22;4.0;1
13009717;1297709378;291672851;1997-01-22;4.0;1
13009717;3885590955;291672851;1997-01-22;2.5;1
13009717;3930090225;291672851;2019-03-01;6.0;1
13009717;1457231501;291672851;2016-08-15;12.0;1
13009717;251898314;291672851;2022-03-01;10.0;1
13009717;3549813610;3130424873;2016-08-15;2000.0;1
13009717;1703559287;3130424873;2015-08-10;500.0;1
13009717;59973342;3130424873;2020-03-01;800.0;1
13009717;931113261;3130424873;2017-09-01;5.0;1
13009717;4088963607;2334312382;2015-08-10;0.0;1
13009717;562647883;76980960;2017-09-01;15.0;1
13009717;3047578516;3620266624;2020-09-01;3.5;1
13009717;4038098750;3620266624;2010-02-14;2.5;1
4913711;517225378;4212814268;2021-11-17;60.0;1
4913711;2507855363;4212814268;2021-11-17;50.0;1
4913711;1794013178;2932253015;2020-12-03;20.0;1
4913711;3264781717;2932253015;2020-12-03;20.0;1
4913711;3352906462;215245658;2021-11-17;30.0;1
4913711;238187707;215245658;2021-11-17;60.0;1
4913711;4139694264;2796048544;2021-11-17;0.4;2
4913711;2247006610;2796048544;2021-11-17;10.0;1
4913711;664244417;2796048544;2021-11-17;80.0;1
4913711;2499948814;2796048544;2021-11-17;30.0;1
4913711;1212492764;2796048544;2021-11-17;40.0;1
4913711;1376025641;2796048544;2020-01-03;62.0;1
4913711;3282491652;2796048544;2021-11-17;3.0;1
4913711;3498183911;3998832198;2021-11-17;0.2;2
4913711;1304795553;2796048544;2021-11-17;0.15;2
4913711;261338284;3980542086;2020-01-03;0.0;1
4913711;2134295316;3980542086;2021-11-17;60.0;1
4913711;721558336;3980542086;2021-11-17;30.0;1
4913711;4029333510;3130424873;2021-11-17;80.0;1
4913711;108748504;3980542086;2013-09-03;3.0;2
4913711;3138124404;3980542086;2020-12-03;3.0;2
4913711;1155441338;1685172514;2021-11-17;6.5;1
4913711;1999274468;3130424873;2021-11-17;22.0;1
4913711;3914208327;3130424873;2021-11-17;22.0;1
4913711;2426173656;3130424873;2020-01-03;0.5;2
4913711;108460112;3130424873;1996-07-25;0.0;1
4913711;2892147488;2334312382;2021-11-17;22.0;1
4913711;3667395183;3850018889;2020-12-03;4.0;1
4913711;2898105392;3850018889;2020-12-03;21.0;1
4913711;2103527507;3850018889;2020-12-03;40.0;1
4913711;3885590955;291672851;2020-12-03;10.0;1
4913711;3930090225;291672851;2013-09-03;5.0;1
4913711;3549813610;3130424873;2013-09-03;4.7;2
4913711;1703559287;3130424873;2013-09-03;3.0;2
4913711;562647883;76980960;2020-12-03;60.0;1
4913711;451361109;3552362993;2020-12-03;20.0;1
4913711;3047578516;3620266624;2021-11-17;3.0;1
4913711;4038098750;3620266624;2021-11-17;3.0;1
4913711;3404335289;2334312382;2019-01-03;150.0;1
4913711;1081020376;2334312382;2018-01-02;150.0;1
4913711;1977308685;2334312382;2016-05-19;100.0;1
4913711;2497826358;2334312382;2020-01-03;150.0;1
4913711;990522243;2334312382;2016-05-19;100.0;1
4913711;2060264988;2334312382;2018-01-02;150.0;1
4913711;3205168557;2334312382;2020-12-03;700.0;1
4913711;4247246681;2334312382;2018-01-02;150.0;1
4913711;2557879624;2334312382;2020-01-03;320.0;1
7237373;517225378;4212814268;2021-04-01;200.0;1
7237373;2507855363;4212814268;2021-04-01;200.0;1
7237373;401013730;790762196;2018-03-01;30.0;1
7237373;1794013178;2932253015;2019-07-08;13.0;1
7237373;773714337;2932253015;2019-07-08;13.0;1
7237373;3264781717;2932253015;2019-07-08;13.0;1
7237373;3352906462;215245658;2019-07-08;18.0;1
7237373;238187707;215245658;2019-07-08;36.0;1
7237373;4139694264;2796048544;2019-07-08;50.0;1
7237373;2247006610;2796048544;2019-07-08;4.0;1
7237373;664244417;2796048544;2021-09-06;72.0;1
7237373;2499948814;2796048544;2019-07-08;15.0;1
7237373;1212492764;2796048544;1996-07-25;0.0;1
7237373;1376025641;2796048544;2019-07-08;61.82;1
7237373;3282491652;2796048544;2021-04-01;2.6;1
7237373;4282307012;2796048544;2019-07-08;1.8;1
7237373;3498183911;3998832198;2019-07-08;0.12;2
7237373;1304795553;2796048544;2019-07-08;0.12;2
7237373;84893611;2796048544;2019-07-08;0.12;2
7237373;261338284;3980542086;2004-05-17;0.0;1
7237373;2134295316;3980542086;2019-07-08;53.0;1
7237373;721558336;3980542086;2019-07-08;23.0;1
7237373;4029333510;3130424873;2019-07-08;62.0;1
7237373;108748504;3980542086;2019-07-08;2.5;2
7237373;3138124404;3980542086;2019-07-08;2.5;2
7237373;1278864091;3130424873;2008-06-20;5.0;1
7237373;1155441338;1685172514;2021-04-01;2.55;1
7237373;1999274468;3130424873;2021-04-01;21.0;1
7237373;3914208327;3130424873;2021-04-01;21.0;1
7237373;2426173656;3130424873;1998-01-15;0.0;1
7237373;108460112;3130424873;2021-04-01;2.0;1
7237373;2892147488;2334312382;2019-07-08;21.0;1
7237373;3667395183;3850018889;2019-07-08;3.5;1
7237373;2898105392;3850018889;2019-07-08;10.0;1
7237373;2103527507;3850018889;2019-07-08;10.0;1
7237373;208825500;291672851;2018-11-05;8.3;1
7237373;1297709378;291672851;2018-11-05;5.1;1
7237373;3885590955;291672851;2018-11-05;4.8;1
7237373;3930090225;291672851;2015-12-07;5.4;1
7237373;1457231501;291672851;2017-08-21;10.0;1
7237373;251898314;291672851;2015-12-07;6.0;1
7237373;722985978;291672851;2018-11-05;5.3;1
7237373;3549813610;3130424873;2014-11-14;3.0;2
7237373;1703559287;3130424873;2018-03-01;1.0;2
7237373;59973342;3130424873;2004-05-17;0.5;2
7237373;931113261;3130424873;2017-01-02;0.6;1
7237373;4088963607;2334312382;2005-03-31;0.0;1
7237373;562647883;76980960;2019-07-08;10.0;1
7237373;451361109;3552362993;1997-01-24;7.0;1
7237373;213799889;3226552005;2019-07-08;10.0;1
7237373;3722594547;55137634;1996-07-25;0.0;1
7237373;3047578516;3620266624;2012-12-03;5.0;1
7237373;4038098750;3620266624;2018-11-05;4.0;1
7237373;3404335289;2334312382;2019-07-08;120.0;1
7237373;137450532;2334312382;2021-09-06;210.0;1
7237373;1081020376;2334312382;2019-07-08;160.0;1
7237373;2497826358;2334312382;2019-07-08;120.0;1
7237373;2636846175;2334312382;2021-09-06;210.0;1
7237373;1060326396;2334312382;2004-10-08;300.0;1
7237373;2060264988;2334312382;2019-07-08;120.0;1
7237373;2238063555;2334312382;2021-09-06;210.0;1
7237373;3205168557;2334312382;2021-09-06;290.0;1
7237373;3113214373;2334312382;2021-09-06;125.0;1
7237373;4247246681;2334312382;2004-10-08;90.0;1
7237373;2805208638;2334312382;2021-09-06;210.0;1
7237373;2557879624;2334312382;2021-09-06;170.0;1
58616418;517225378;4212814268;2009-12-16;1000.0;1
58616418;2507855363;4212814268;2019-01-01;2000.0;1
58616418;401013730;790762196;2006-11-24;200.0;1
58616418;238187707;215245658;2006-11-24;20.0;1
58616418;4139694264;2796048544;2006-11-24;20.0;1
58616418;664244417;2796048544;2006-11-24;30.0;1
58616418;2499948814;2796048544;2006-11-24;20.0;1
58616418;1212492764;2796048544;2006-11-24;50.0;1
58616418;1376025641;2796048544;2006-11-24;50.0;1
58616418;3282491652;2796048544;2002-12-12;2.5;1
58616418;4282307012;2796048544;2006-11-24;5.0;1
58616418;3498183911;3998832198;2006-11-24;0.12;2
58616418;1304795553;2796048544;2006-11-24;0.12;2
58616418;84893611;2796048544;2006-11-24;0.12;2
58616418;261338284;3980542086;2019-02-22;2000.0;1
58616418;2134295316;3980542086;2019-01-01;1000.0;1
58616418;721558336;3980542086;2019-01-01;1000.0;1
58616418;4029333510;3130424873;2002-12-12;20.0;1
58616418;108748504;3980542086;2016-05-10;5.0;2
58616418;3138124404;3980542086;2016-05-10;5.0;2
58616418;1278864091;3130424873;2006-11-24;3.0;1
58616418;1999274468;3130424873;2019-01-01;100.0;1
58616418;3914208327;3130424873;2019-01-01;100.0;1
58616418;2426173656;3130424873;2006-11-24;15.0;1
58616418;2892147488;2334312382;2019-01-01;100.0;1
58616418;3667395183;3850018889;2019-04-16;100.0;1
58616418;2898105392;3850018889;2019-04-16;100.0;1
58616418;2103527507;3850018889;2005-05-10;10.0;1
58616418;208825500;291672851;2019-01-01;20.0;1
58616418;1297709378;291672851;2019-01-01;20.0;1
58616418;3885590955;291672851;2019-01-01;20.0;1
58616418;3930090225;291672851;2019-01-01;50.0;1
58616418;1457231501;291672851;2019-01-01;50.0;1
58616418;251898314;291672851;2019-01-01;50.0;1
58616418;722985978;291672851;2018-04-03;50.0;1
58616418;3549813610;3130424873;2016-02-05;5.0;2
58616418;1703559287;3130424873;2006-11-24;500.0;1
58616418;59973342;3130424873;2006-11-24;500.0;1
58616418;931113261;3130424873;2005-05-10;1.5;1
58616418;4088963607;2334312382;2006-11-24;0.6;2
58616418;562647883;76980960;2006-11-24;50.0;1
58616418;451361109;3552362993;2006-11-24;300.0;1
58616418;213799889;3226552005;2006-11-24;300.0;1
58616418;3722594547;55137634;2006-11-24;300.0;1
58616418;3404335289;2334312382;2013-06-11;900.0;1
58616418;2350530616;2334312382;2013-06-11;500.0;1
58616418;137450532;2334312382;2013-06-11;400.0;1
58616418;1081020376;2334312382;2013-06-11;900.0;1
58616418;1977308685;2334312382;2013-06-11;800.0;1
58616418;2497826358;2334312382;2013-06-11;900.0;1
58616418;2636846175;2334312382;2013-06-11;300.0;1
58616418;1060326396;2334312382;2013-06-11;900.0;1
58616418;990522243;2334312382;2013-06-11;800.0;1
58616418;2060264988;2334312382;2013-06-11;900.0;1
58616418;111846818;2334312382;2013-06-11;500.0;1
58616418;2238063555;2334312382;2013-06-11;400.0;1
58616418;3205168557;2334312382;2013-06-11;2000.0;1
58616418;3113214373;2334312382;2013-06-11;1800.0;1
58616418;1735710467;2334312382;2013-06-11;1500.0;1
58616418;4247246681;2334312382;2013-06-11;900.0;1
58616418;1678717024;2334312382;2013-06-11;900.0;1
58616418;2805208638;2334312382;2013-06-11;300.0;1
58616418;2557879624;2334312382;2005-05-10;1000.0;1
62237425;517225378;4212814268;2013-06-16;1500.0;1
62237425;2507855363;4212814268;2012-06-25;1300.0;1
62237425;401013730;790762196;2008-04-30;10.0;1
62237425;664244417;2796048544;2006-12-06;3.0;1
62237425;2103527507;3850018889;2008-04-30;5.0;1
62237425;208825500;291672851;2004-10-07;5.0;1
62237425;1297709378;291672851;2008-04-30;5.0;1
62237425;3885590955;291672851;2008-04-30;3.0;1
62237425;3930090225;291672851;2008-04-30;3.0;1
62237425;1457231501;291672851;2008-04-30;10.0;1
62237425;251898314;291672851;2008-04-30;20.0;1
62237425;722985978;291672851;2008-04-30;5.0;1
62237425;3549813610;3130424873;2013-06-16;1500.0;1
62237425;1703559287;3130424873;2012-06-25;1000.0;1
62237425;59973342;3130424873;2012-06-25;1000.0;1
62237425;931113261;3130424873;2008-04-30;5.0;1
62237425;4088963607;2334312382;2012-06-25;1000.0;1
62237425;562647883;76980960;2013-06-16;150.0;1
62237425;451361109;3552362993;2004-10-02;15.0;1
62237425;213799889;3226552005;2004-10-02;3.0;1
4866275;3404335289;2334312382;2010-09-13;0.0;1
4866275;2350530616;2334312382;2010-09-13;0.0;1
4866275;137450532;2334312382;2010-09-13;0.0;1
4866275;1081020376;2334312382;2010-09-13;0.0;1
4866275;1977308685;2334312382;2010-09-13;0.0;1
4866275;2497826358;2334312382;2010-09-13;0.0;1
4866275;2636846175;2334312382;2010-09-13;0.0;1
4866275;1060326396;2334312382;2010-09-13;0.0;1
4866275;990522243;2334312382;2010-09-13;0.0;1
4866275;2060264988;2334312382;2010-09-13;0.0;1
4866275;111846818;2334312382;2010-09-13;0.0;1
4866275;2238063555;2334312382;2010-09-13;0.0;1
4866275;3113214373;2334312382;2010-09-13;0.0;1
4866275;1735710467;2334312382;2010-09-13;0.0;1
4866275;4247246681;2334312382;2010-09-13;0.0;1
4866275;1678717024;2334312382;2010-09-13;0.0;1
4866275;2805208638;2334312382;2010-09-13;0.0;1
4866275;2557879624;2334312382;2010-09-13;0.0;1
91884981;517225378;4212814268;2008-04-30;0.0;1
91884981;2507855363;4212814268;2008-04-30;0.0;1
91884981;401013730;790762196;1996-07-25;0.0;1
91884981;3352906462;215245658;1996-07-25;0.0;1
91884981;238187707;215245658;2008-04-30;0.0;1
91884981;4139694264;2796048544;2008-04-30;0.0;1
91884981;2247006610;2796048544;2008-04-30;0.0;1
91884981;664244417;2796048544;2008-04-30;0.0;1
91884981;2499948814;2796048544;2008-04-30;0.0;1
91884981;1212492764;2796048544;2008-04-30;0.0;1
91884981;1376025641;2796048544;2008-04-30;0.0;1
91884981;3282491652;2796048544;1996-07-25;0.0;1
91884981;4282307012;2796048544;1996-07-25;0.0;1
91884981;3498183911;3998832198;2008-04-30;0.0;1
91884981;1304795553;2796048544;2008-04-30;0.0;1
91884981;84893611;2796048544;2008-04-30;0.0;1
91884981;261338284;3980542086;1996-07-25;0.0;1
91884981;2134295316;3980542086;2008-04-30;0.0;1
91884981;721558336;3980542086;2008-04-30;0.0;1
91884981;4029333510;3130424873;1996-07-25;0.0;1
91884981;108748504;3980542086;2008-04-30;0.0;1
91884981;3138124404;3980542086;2008-04-30;0.0;1
91884981;1278864091;3130424873;1996-07-25;0.0;1
91884981;3022833355;3980542086;2008-04-30;0.0;1
91884981;3400674877;3980542086;2008-04-30;0.0;1
91884981;1999274468;3130424873;2008-04-30;0.0;1
91884981;3914208327;3130424873;1996-07-25;0.0;1
91884981;2426173656;3130424873;2008-04-30;0.0;1
91884981;2892147488;2334312382;2008-04-30;0.0;1
91884981;2898105392;3850018889;1996-07-25;0.0;1
91884981;2103527507;3850018889;1996-07-25;0.0;1
91884981;1297709378;291672851;1996-07-25;0.0;1
91884981;3885590955;291672851;1996-07-25;0.0;1
91884981;1457231501;291672851;2008-04-30;0.0;1
91884981;251898314;291672851;2008-04-30;0.0;1
91884981;722985978;291672851;2008-04-30;0.0;1
91884981;3549813610;3130424873;2014-06-03;2500.0;1
91884981;1703559287;3130424873;2008-04-30;5000.0;1
91884981;59973342;3130424873;2008-04-30;0.0;1
91884981;931113261;3130424873;2008-04-30;0.0;1
91884981;4088963607;2334312382;2008-04-30;0.0;1
91884981;562647883;76980960;2008-04-30;0.0;1
91884981;451361109;3552362993;1996-07-25;0.0;1
91884981;213799889;3226552005;1996-07-25;0.0;1
91884981;3722594547;55137634;1996-07-25;0.0;1
59118133;517225378;4212814268;2021-09-20;4000.0;1
59118133;2507855363;4212814268;2021-09-20;2000.0;1
59118133;401013730;790762196;2015-11-09;200.0;1
59118133;238187707;215245658;2015-11-09;20.0;1
59118133;4139694264;2796048544;2015-11-09;50.0;1
59118133;2247006610;2796048544;2015-11-09;10.0;1
59118133;664244417;2796048544;2015-11-09;30.0;1
59118133;2499948814;2796048544;2015-11-09;15.0;1
59118133;1212492764;2796048544;2015-11-09;40.0;1
59118133;1376025641;2796048544;2015-11-09;40.0;1
59118133;3282491652;2796048544;2015-11-09;5.0;1
59118133;3498183911;3998832198;2015-11-09;0.2;2
59118133;1304795553;2796048544;2010-11-13;0.1;2
59118133;261338284;3980542086;2015-11-09;100.0;1
59118133;2134295316;3980542086;2015-11-09;100.0;1
59118133;721558336;3980542086;2015-11-09;1000.0;1
59118133;4029333510;3130424873;2015-11-09;250.0;1
59118133;108748504;3980542086;2021-09-20;5.0;2
59118133;3138124404;3980542086;2021-09-20;4000.0;1
59118133;1278864091;3130424873;2015-11-09;10.0;1
59118133;1999274468;3130424873;2021-09-20;50.0;1
59118133;3914208327;3130424873;2021-09-20;50.0;1
59118133;2426173656;3130424873;2015-11-09;30.0;1
59118133;108460112;3130424873;1996-07-25;0.0;1
59118133;2892147488;2334312382;2021-09-20;50.0;1
59118133;3667395183;3850018889;2015-11-09;2.0;1
59118133;2898105392;3850018889;2015-11-09;10.0;1
59118133;2103527507;3850018889;2015-11-09;15.0;1
59118133;208825500;291672851;2015-11-09;30.0;1
59118133;1297709378;291672851;2015-11-09;10.0;1
59118133;3885590955;291672851;2015-11-09;10.0;1
59118133;3930090225;291672851;2015-11-09;10.0;1
59118133;1457231501;291672851;2015-11-09;20.0;1
59118133;251898314;291672851;2015-11-09;20.0;1
59118133;722985978;291672851;2015-11-09;20.0;1
59118133;3549813610;3130424873;2021-09-20;5.0;2
59118133;1703559287;3130424873;2021-09-20;4000.0;1
59118133;59973342;3130424873;2021-09-20;5000.0;1
59118133;931113261;3130424873;2015-11-09;5.0;1
59118133;4088963607;2334312382;2021-09-20;5.0;2
59118133;562647883;76980960;2015-11-09;60.0;1
59118133;451361109;3552362993;2015-11-09;8.0;1
59118133;213799889;3226552005;2015-11-09;8.0;1
59118133;3722594547;55137634;2015-11-09;12.0;1
59118133;3404335289;2334312382;2021-09-20;500.0;1
59118133;137450532;2334312382;2021-09-20;500.0;1
59118133;1081020376;2334312382;2015-11-09;500.0;1
59118133;1977308685;2334312382;2021-09-20;500.0;1
59118133;2497826358;2334312382;2021-09-20;500.0;1
59118133;2636846175;2334312382;2021-09-20;500.0;1
59118133;1060326396;2334312382;2015-11-09;500.0;1
59118133;990522243;2334312382;2021-09-20;500.0;1
59118133;2060264988;2334312382;2021-09-20;500.0;1
59118133;2238063555;2334312382;2021-09-20;500.0;1
59118133;3205168557;2334312382;2021-09-20;1200.0;1
59118133;3113214373;2334312382;2021-09-20;1200.0;1
59118133;1735710467;2334312382;2021-09-20;1200.0;1
59118133;4247246681;2334312382;2021-09-20;500.0;1
59118133;2805208638;2334312382;2021-09-20;500.0;1
59118133;2557879624;2334312382;2021-09-20;1200.0;1
78632767;517225378;4212814268;2022-01-01;1000.0;1
78632767;2507855363;4212814268;2022-01-01;1100.0;1
78632767;401013730;790762196;2022-01-01;60.0;1
78632767;261338284;3980542086;2008-12-31;0.0;1
78632767;2134295316;3980542086;2022-02-01;500.0;1
78632767;721558336;3980542086;2022-01-01;0.0;1
78632767;1278864091;3130424873;2022-01-01;10.0;1
78632767;1999274468;3130424873;2022-01-01;190.0;1
78632767;3914208327;3130424873;2022-01-01;190.0;1
78632767;2426173656;3130424873;2022-01-01;135.0;1
78632767;2892147488;2334312382;2022-01-01;175.0;1
78632767;2898105392;3850018889;2022-01-01;2000.0;1
78632767;2103527507;3850018889;2022-01-01;20.0;1
78632767;208825500;291672851;2022-01-01;16.0;1
78632767;1297709378;291672851;2022-01-01;16.0;1
78632767;3885590955;291672851;2022-01-01;16.0;1
78632767;3930090225;291672851;2022-01-01;17.0;1
78632767;1457231501;291672851;2022-01-01;29.9;1
78632767;251898314;291672851;2022-01-01;20.0;1
78632767;722985978;291672851;2022-01-01;20.0;1
78632767;3549813610;3130424873;2022-01-01;5.0;2
78632767;1703559287;3130424873;2022-01-01;10.0;2
78632767;59973342;3130424873;2022-01-01;300.0;1
78632767;931113261;3130424873;2022-01-01;6.0;1
78632767;4088963607;2334312382;2022-01-01;2.0;2
78632767;562647883;76980960;2022-01-01;20.0;1
78632767;213799889;3226552005;2022-01-01;5.0;1
78632767;3404335289;2334312382;2022-01-01;500.0;1
78632767;2350530616;2334312382;2022-01-01;500.0;1
78632767;137450532;2334312382;2022-01-01;500.0;1
78632767;1081020376;2334312382;2022-01-01;1100.0;1
78632767;1977308685;2334312382;2022-01-01;470.0;1
78632767;2497826358;2334312382;2022-01-01;795.0;1
78632767;2636846175;2334312382;2022-01-01;350.0;1
78632767;1060326396;2334312382;2022-01-01;500.0;1
78632767;990522243;2334312382;2022-01-01;470.0;1
78632767;2060264988;2334312382;2022-01-01;500.0;1
78632767;111846818;2334312382;2022-01-01;500.0;1
78632767;2238063555;2334312382;2022-01-01;500.0;1
78632767;3205168557;2334312382;2022-01-01;8000.0;1
78632767;3113214373;2334312382;2022-01-01;8000.0;1
78632767;1735710467;2334312382;2022-01-01;8000.0;1
78632767;4247246681;2334312382;2022-01-01;790.0;1
78632767;1678717024;2334312382;2022-01-01;500.0;1
78632767;2805208638;2334312382;2022-01-01;500.0;1
78632767;2557879624;2334312382;2022-01-01;2900.0;1
61820817;517225378;4212814268;2012-06-06;900.0;1
61820817;2507855363;4212814268;2014-05-02;600.0;1
61820817;401013730;790762196;2015-07-24;15.0;1
61820817;238187707;215245658;2008-04-28;12.0;1
61820817;4139694264;2796048544;2005-01-29;25.0;1
61820817;2247006610;2796048544;2008-04-28;2.5;1
61820817;664244417;2796048544;2008-04-28;2.0;1
61820817;2499948814;2796048544;2001-04-20;12.0;1
61820817;1212492764;2796048544;2001-04-20;20.0;1
61820817;1376025641;2796048544;2001-04-20;20.0;1
61820817;3498183911;3998832198;2008-04-28;100.0;2
61820817;1304795553;2796048544;2008-04-28;100.0;2
61820817;261338284;3980542086;2008-04-28;0.0;1
61820817;2134295316;3980542086;2014-05-02;500.0;1
61820817;721558336;3980542086;2013-10-07;500.0;1
61820817;4029333510;3130424873;2012-06-06;50.0;1
61820817;108748504;3980542086;2015-07-24;10.0;2
61820817;3138124404;3980542086;2015-07-24;10.0;2
61820817;1278864091;3130424873;2008-04-28;2.5;1
61820817;3022833355;3980542086;2008-04-28;1.0;1
61820817;3400674877;3980542086;2008-04-28;1.0;1
61820817;1999274468;3130424873;2019-06-13;45.0;1
61820817;3914208327;3130424873;2019-06-13;45.0;1
61820817;2426173656;3130424873;2008-04-28;0.0;1
61820817;2892147488;2334312382;2019-06-13;45.0;1
61820817;2898105392;3850018889;2008-04-28;30.0;1
61820817;2103527507;3850018889;2008-04-11;7.0;1
61820817;208825500;291672851;2019-01-09;20.0;1
61820817;1297709378;291672851;2018-05-30;11.0;1
61820817;3885590955;291672851;2018-05-30;11.0;1
61820817;3930090225;291672851;2018-05-30;22.0;1
61820817;1457231501;291672851;2018-05-30;22.0;1
61820817;251898314;291672851;2018-05-30;22.0;1
61820817;722985978;291672851;2018-05-30;22.0;1
61820817;3549813610;3130424873;2015-07-24;10.0;2
61820817;1703559287;3130424873;2015-06-24;3.0;2
61820817;59973342;3130424873;2015-08-10;5.0;2
61820817;931113261;3130424873;2014-05-02;3.0;1
61820817;4088963607;2334312382;2015-07-24;15.0;2
61820817;562647883;76980960;2014-05-02;15.0;1
61820817;451361109;3552362993;2014-05-02;5.0;1
61820817;213799889;3226552005;2014-05-02;5.0;1
61820817;3722594547;55137634;2008-04-28;0.0;1
61820817;3404335289;2334312382;2015-07-24;150.0;1
61820817;137450532;2334312382;2015-07-24;150.0;1
61820817;1081020376;2334312382;2015-07-24;900.0;1
61820817;1977308685;2334312382;2015-07-24;150.0;1
61820817;2497826358;2334312382;2015-07-24;150.0;1
61820817;2636846175;2334312382;2015-07-24;150.0;1
61820817;2060264988;2334312382;2015-07-24;150.0;1
61820817;2238063555;2334312382;2015-07-24;150.0;1
61820817;4247246681;2334312382;2014-05-02;80.0;1
61820817;2805208638;2334312382;2007-02-16;50.0;1
795423;517225378;4212814268;2018-01-11;20000.0;1
795423;2507855363;4212814268;2016-04-04;200.0;1
795423;401013730;790762196;2016-04-04;50.0;1
795423;4139694264;2796048544;2016-04-04;50.0;1
795423;261338284;3980542086;1996-09-13;0.0;1
795423;2134295316;3980542086;2017-11-09;1000.0;1
795423;721558336;3980542086;2013-10-10;100.0;1
795423;4029333510;3130424873;2016-04-04;50.0;1
795423;108748504;3980542086;2016-04-04;60.0;1
795423;3138124404;3980542086;2016-04-04;60.0;1
795423;1278864091;3130424873;2016-04-04;3.0;1
795423;1999274468;3130424873;2015-05-07;40.0;1
795423;3914208327;3130424873;2015-05-07;40.0;1
795423;2426173656;3130424873;2015-05-07;40.0;1
795423;2892147488;2334312382;2015-05-07;40.0;1
795423;2898105392;3850018889;2016-04-04;5.0;1
795423;208825500;291672851;2016-04-04;10.0;1
795423;1297709378;291672851;2005-08-01;6.0;1
795423;3885590955;291672851;1996-09-13;4.0;1
795423;3930090225;291672851;2016-04-04;5.0;1
795423;1457231501;291672851;2016-04-04;9.0;1
795423;251898314;291672851;2016-04-04;9.0;1
795423;722985978;291672851;1996-09-13;6.0;1
795423;3549813610;3130424873;2015-07-09;15000.0;1
795423;1703559287;3130424873;2015-07-09;15000.0;1
795423;59973342;3130424873;2016-04-04;2000.0;1
795423;931113261;3130424873;2015-05-07;2.0;1
795423;4088963607;2334312382;2008-04-30;0.0;1
795423;562647883;76980960;2016-04-04;6.0;1
795423;451361109;3552362993;2016-04-04;8.0;1
795423;213799889;3226552005;2016-04-04;8.0;1
795423;3722594547;55137634;2016-04-04;2.0;1
795423;3047578516;3620266624;2005-05-01;3.0;1
11970623;517225378;4212814268;2021-09-01;49.0;1
11970623;2507855363;4212814268;2021-09-01;49.0;1
11970623;401013730;790762196;2021-09-01;6.59;1
11970623;1794013178;2932253015;2020-12-13;15.9;1
11970623;261338284;3980542086;2021-09-01;49.9;1
11970623;4029333510;3130424873;2021-09-01;99.9;1
11970623;1155441338;1685172514;2020-12-13;7.9;1
11970623;1999274468;3130424873;2021-09-01;9.9;1
11970623;3914208327;3130424873;2021-09-01;9.9;1
11970623;2892147488;2334312382;2020-12-13;8.9;1
11970623;3667395183;3850018889;2021-09-01;2.9;1
11970623;2898105392;3850018889;2021-09-01;2.9;1
11970623;2103527507;3850018889;2021-09-01;2950.0;1
11970623;3549813610;3130424873;2021-09-02;5500.0;1
11970623;1703559287;3130424873;2021-09-01;1750.0;1
11970623;59973342;3130424873;2021-09-02;1000.0;1
11970623;562647883;76980960;2021-09-01;4.9;1
60518222;517225378;4212814268;2022-02-01;33.0;1
60518222;2507855363;4212814268;2009-09-16;0.0;1
60518222;238187707;215245658;2002-12-15;16.0;1
60518222;4139694264;2796048544;1999-10-15;20.0;1
60518222;2247006610;2796048544;1999-10-15;6.5;1
60518222;664244417;2796048544;1999-10-15;6.5;1
60518222;2499948814;2796048544;1999-10-15;6.5;1
60518222;1212492764;2796048544;1999-10-15;10.0;1
60518222;1376025641;2796048544;1999-10-15;10.0;1
60518222;4282307012;2796048544;2008-04-01;0.0;1
60518222;3498183911;3998832198;2002-11-15;0.1;2
60518222;1304795553;2796048544;2002-11-15;0.1;2
60518222;261338284;3980542086;2022-02-01;22.0;1
60518222;2134295316;3980542086;2022-04-02;50.0;1
60518222;721558336;3980542086;2022-02-01;200.0;1
60518222;4029333510;3130424873;2022-02-01;40.0;1
60518222;108748504;3980542086;1996-07-25;0.0;1
60518222;3138124404;3980542086;1996-07-25;0.0;1
60518222;1278864091;3130424873;1999-10-15;2.5;1
60518222;1999274468;3130424873;1999-10-15;20.0;1
60518222;3914208327;3130424873;2001-04-09;20.0;1
60518222;2426173656;3130424873;1999-10-15;20.0;1
60518222;2892147488;2334312382;2022-04-02;22.0;1
60518222;2898105392;3850018889;1999-10-15;4.0;1
60518222;1297709378;291672851;2004-07-07;6.0;1
60518222;3930090225;291672851;2004-07-07;6.0;1
60518222;1457231501;291672851;2022-02-01;10.0;1
60518222;251898314;291672851;2022-02-01;16.5;1
60518222;722985978;291672851;2022-02-01;6.5;1
60518222;3549813610;3130424873;2022-02-01;400.0;1
60518222;1703559287;3130424873;1996-07-25;0.0;1
60518222;59973342;3130424873;2022-02-01;200.0;1
60518222;4088963607;2334312382;2008-06-01;0.0;1
60518222;562647883;76980960;2022-02-01;10.0;1
60518222;451361109;3552362993;1996-07-25;0.0;1
60518222;213799889;3226552005;1996-07-25;0.0;1
60518222;3722594547;55137634;1996-07-25;0.0;1
60518222;3404335289;2334312382;2022-02-01;300.0;1
60518222;137450532;2334312382;2022-02-01;225.0;1
60518222;1081020376;2334312382;2022-02-01;200.0;1
60518222;1977308685;2334312382;2004-09-20;90.0;1
60518222;2497826358;2334312382;2022-02-01;300.0;1
60518222;2636846175;2334312382;2022-02-01;225.0;1
60518222;1060326396;2334312382;2004-09-20;810.0;1
60518222;990522243;2334312382;2004-09-20;90.0;1
60518222;2060264988;2334312382;2022-02-01;420.0;1
60518222;2238063555;2334312382;2022-02-01;212.0;1
60518222;3205168557;2334312382;2022-02-01;1700.0;1
60518222;3113214373;2334312382;2022-02-01;1300.0;1
60518222;1735710467;2334312382;2004-09-20;60.0;1
60518222;4247246681;2334312382;2022-02-01;375.0;1
60518222;2805208638;2334312382;2022-02-01;250.0;1
60518222;2557879624;2334312382;2022-02-01;990.0;1
7679404;517225378;4212814268;2021-11-10;0.0;1
7679404;2507855363;4212814268;2009-10-02;0.0;1
7679404;401013730;790762196;2021-11-10;0.0;1
7679404;261338284;3980542086;2021-11-10;0.0;1
7679404;2134295316;3980542086;2019-12-09;100.0;1
7679404;721558336;3980542086;2009-06-14;30.0;1
7679404;108748504;3980542086;2019-12-09;10000.0;1
7679404;3138124404;3980542086;2019-12-09;3000.0;1
7679404;2892147488;2334312382;2021-11-10;9.9;1
7679404;3667395183;3850018889;2021-11-10;0.0;1
7679404;2898105392;3850018889;2021-11-10;0.0;1
7679404;208825500;291672851;2018-06-14;15.0;1
7679404;1297709378;291672851;2018-06-14;15.0;1
7679404;3885590955;291672851;2018-06-14;15.0;1
7679404;3930090225;291672851;2009-06-14;5.0;1
7679404;1457231501;291672851;2009-06-14;5.0;1
7679404;251898314;291672851;2009-06-14;6.5;1
7679404;722985978;291672851;2009-06-14;3.0;1
7679404;3549813610;3130424873;2019-12-09;95000.0;1
7679404;1703559287;3130424873;2021-11-10;0.0;1
7679404;3404335289;2334312382;2012-07-01;800.0;1
7679404;137450532;2334312382;2012-07-01;800.0;1
7679404;1977308685;2334312382;2012-07-01;800.0;1
7679404;2497826358;2334312382;2012-07-01;800.0;1
7679404;2636846175;2334312382;2012-07-01;500.0;1
7679404;1060326396;2334312382;2012-07-01;2000.0;1
7679404;990522243;2334312382;2012-07-01;800.0;1
7679404;2060264988;2334312382;2021-11-10;400.0;1
7679404;2238063555;2334312382;2014-12-10;400.0;1
7679404;4247246681;2334312382;2012-07-01;800.0;1
7679404;2805208638;2334312382;2012-07-01;500.0;1
3215790;517225378;4212814268;2015-08-03;550.0;1
3215790;2507855363;4212814268;2009-11-14;0.0;1
3215790;59973342;3130424873;2010-06-10;600.0;1
3215790;4088963607;2334312382;2015-10-03;0.0;1
3215790;562647883;76980960;2008-11-21;40.0;1
17351180;517225378;4212814268;2017-07-07;150.0;1
17351180;2507855363;4212814268;2017-07-07;150.0;1
17351180;401013730;790762196;2009-12-01;0.0;1
17351180;3879190794;2932253015;2019-05-16;200.0;1
17351180;3756945383;2932253015;2019-01-07;0.0;1
17351180;1257997507;2932253015;2019-05-16;200.0;1
17351180;1118432461;2932253015;2019-01-07;0.0;1
17351180;238187707;215245658;1997-11-28;6.0;1
17351180;4139694264;2796048544;1997-11-28;13.0;1
17351180;2247006610;2796048544;1997-11-28;5.0;1
17351180;664244417;2796048544;2008-04-01;15.0;1
17351180;2499948814;2796048544;1997-11-28;6.0;1
17351180;1212492764;2796048544;1996-07-25;24.0;1
17351180;1376025641;2796048544;2001-04-18;24.0;1
17351180;3282491652;2796048544;2011-03-01;2.5;1
17351180;4282307012;2796048544;1996-07-25;0.0;1
17351180;3498183911;3998832198;2011-03-01;13.0;1
17351180;1304795553;2796048544;2008-07-02;0.0;1
17351180;84893611;2796048544;2009-12-01;0.0;1
17351180;261338284;3980542086;2008-07-02;0.0;1
17351180;2134295316;3980542086;2017-07-07;150.0;1
17351180;721558336;3980542086;2017-07-07;150.0;1
17351180;4029333510;3130424873;2016-06-20;60.0;1
17351180;108748504;3980542086;2021-04-02;95000.0;1
17351180;3138124404;3980542086;2021-04-02;95000.0;1
17351180;1278864091;3130424873;1997-11-28;3.0;1
17351180;3022833355;3980542086;2009-12-01;0.0;1
17351180;3400674877;3980542086;2009-12-01;0.0;1
17351180;1155441338;1685172514;2018-03-13;10.0;1
17351180;1999274468;3130424873;2017-07-07;50.0;1
17351180;3914208327;3130424873;2017-07-07;50.0;1
17351180;2426173656;3130424873;1997-01-21;18.0;1
17351180;108460112;3130424873;1996-07-25;0.0;1
17351180;2892147488;2334312382;2017-07-07;50.0;1
17351180;3667395183;3850018889;2018-03-13;10.0;1
17351180;2898105392;3850018889;2018-03-13;10.0;1
17351180;2103527507;3850018889;2018-03-13;10.0;1
17351180;208825500;291672851;2008-04-01;5.9;1
17351180;1297709378;291672851;2008-04-01;6.2;1
17351180;3885590955;291672851;2011-03-01;6.2;1
17351180;3930090225;291672851;2010-01-25;12.9;1
17351180;1457231501;291672851;2010-01-25;12.9;1
17351180;251898314;291672851;2010-01-25;12.9;1
17351180;722985978;291672851;2010-01-25;12.9;1
17351180;3549813610;3130424873;2016-06-20;95000.0;1
17351180;1703559287;3130424873;2021-04-02;15000.0;1
17351180;59973342;3130424873;2021-04-02;10000.0;1
17351180;931113261;3130424873;2014-01-01;6.2;1
17351180;4088963607;2334312382;2010-01-25;3.0;2
17351180;562647883;76980960;2001-05-25;5.0;1
17351180;451361109;3552362993;2001-05-25;10.0;1
17351180;213799889;3226552005;2008-04-01;10.0;1
17351180;3722594547;55137634;1996-07-25;0.0;1
17351180;3047578516;3620266624;2016-06-20;4.0;1
17351180;4038098750;3620266624;2016-06-20;2.2;1
20443996;517225378;4212814268;2020-10-02;10000.0;1
20443996;2507855363;4212814268;2015-05-08;0.0;1
20443996;401013730;790762196;2015-06-24;0.0;1
20443996;3549813610;3130424873;2022-01-04;10000.0;1
20443996;1703559287;3130424873;2015-06-24;500.0;1
20443996;59973342;3130424873;2015-06-24;1000.0;1
20443996;4088963607;2334312382;2015-05-08;0.0;1
20443996;562647883;76980960;2015-05-08;100.0;1
20443996;451361109;3552362993;2015-05-08;0.0;1
20443996;213799889;3226552005;2015-05-08;0.0;1
20443996;3722594547;55137634;2015-05-08;0.0;1
20443996;3047578516;3620266624;2015-05-08;0.0;1
20443996;4038098750;3620266624;2015-05-08;0.0;1
9313766;517225378;4212814268;2017-08-21;10000.0;1
9313766;2507855363;4212814268;2017-08-21;2000.0;1
9313766;401013730;790762196;2011-08-11;100.0;1
9313766;261338284;3980542086;2021-10-20;0.0;1
9313766;2134295316;3980542086;2021-10-20;20000.0;1
9313766;721558336;3980542086;2021-10-20;20000.0;1
9313766;1999274468;3130424873;2021-10-15;100.0;1
9313766;3914208327;3130424873;2021-10-15;100.0;1
9313766;2892147488;2334312382;2021-10-15;100.0;1
9313766;1297709378;291672851;2011-01-01;150.0;1
9313766;3549813610;3130424873;2017-04-04;2.0;2
9313766;1703559287;3130424873;2017-04-04;2.0;2
9313766;59973342;3130424873;2011-08-11;2000.0;1
9313766;4088963607;2334312382;2012-05-11;0.0;1
9313766;3047578516;3620266624;2021-07-02;0.4;2
9313766;4038098750;3620266624;2021-07-02;0.4;2
15581638;517225378;4212814268;2020-02-06;1800.0;1
15581638;2507855363;4212814268;2014-05-17;0.0;1
15581638;401013730;790762196;2014-10-14;200.0;1
15581638;4139694264;2796048544;2014-10-14;25.0;1
15581638;1703559287;3130424873;2014-10-14;500.0;1
15581638;59973342;3130424873;2014-10-14;1000.0;1
15581638;4088963607;2334312382;2014-10-14;1000.0;1
15581638;562647883;76980960;2014-10-14;300.0;1
36583700;517225378;4212814268;2020-11-03;1500.0;1
36583700;2507855363;4212814268;2020-11-03;1500.0;1
36583700;401013730;790762196;2020-11-03;1500.0;1
36583700;1703559287;3130424873;2020-11-03;1000.0;1
36583700;562647883;76980960;2020-11-03;15.0;1
411939;517225378;4212814268;2021-09-01;800.0;1
411939;2507855363;4212814268;2021-09-01;800.0;1
411939;401013730;790762196;2015-03-13;50.0;1
411939;1794013178;2932253015;2010-05-22;0.0;1
411939;773714337;2932253015;2010-05-22;0.0;1
411939;3264781717;2932253015;2010-05-22;0.0;1
411939;3879190794;2932253015;2010-05-22;0.0;1
411939;3756945383;2932253015;2010-05-22;0.0;1
411939;394608683;2932253015;2010-05-22;0.0;1
411939;3680833098;2932253015;2010-05-22;0.0;1
411939;1257997507;2932253015;2010-05-22;0.0;1
411939;1118432461;2932253015;2010-05-22;0.0;1
411939;99858557;2932253015;2010-05-22;0.0;1
411939;3239405682;2932253015;2010-05-22;0.0;1
411939;1155441338;1685172514;2010-05-22;0.0;1
411939;1999274468;3130424873;2010-05-22;0.0;1
411939;3914208327;3130424873;2010-05-22;0.0;1
411939;2426173656;3130424873;2010-05-22;0.0;1
411939;108460112;3130424873;2010-05-22;0.0;1
411939;2892147488;2334312382;2010-05-22;0.0;1
411939;3667395183;3850018889;2010-05-22;0.0;1
411939;2898105392;3850018889;2010-05-22;0.0;1
411939;2103527507;3850018889;2010-05-22;0.0;1
411939;208825500;291672851;2015-03-13;5.0;1
411939;1297709378;291672851;2010-05-22;0.0;1
411939;3885590955;291672851;2015-03-13;5.0;1
411939;3930090225;291672851;2010-05-22;0.0;1
411939;1457231501;291672851;2016-02-01;50.0;1
411939;251898314;291672851;2016-02-01;50.0;1
411939;722985978;291672851;2010-05-22;0.0;1
411939;3549813610;3130424873;2021-09-01;800.0;1
411939;1703559287;3130424873;2019-08-03;600.0;1
411939;59973342;3130424873;2019-08-03;600.0;1
411939;931113261;3130424873;2016-02-01;15.0;1
411939;4088963607;2334312382;2006-03-01;200.0;1
411939;562647883;76980960;2006-03-01;50.0;1
411939;451361109;3552362993;1996-07-25;0.0;1
411939;213799889;3226552005;1996-07-25;0.0;1
411939;3722594547;55137634;2006-03-01;10.0;1
411939;3047578516;3620266624;1996-07-25;0.0;1
411939;4038098750;3620266624;1996-07-25;0.0;1
11271860;517225378;4212814268;2021-05-07;500.0;1
11271860;2892147488;2334312382;2016-08-08;50.0;1
11271860;3549813610;3130424873;2021-05-07;800.0;1
11271860;1703559287;3130424873;2021-05-07;500.0;1
11271860;562647883;76980960;2021-05-07;100.0;1
7747410;517225378;4212814268;2017-04-03;200.0;1
4379829;517225378;4212814268;2010-04-28;1000.0;1
4379829;1999274468;3130424873;2008-04-30;10.0;1
4379829;2892147488;2334312382;2012-07-03;10.0;1
4379829;1703559287;3130424873;2008-04-30;1000.0;1
4379829;4088963607;2334312382;2005-04-14;0.0;1
4379829;562647883;76980960;2001-05-28;5.0;1
74828799;517225378;4212814268;2021-01-04;0.0;1
74828799;2507855363;4212814268;2021-11-10;160.0;1
74828799;401013730;790762196;2014-10-24;50.0;1
74828799;238187707;215245658;2020-11-11;200.0;1
74828799;4139694264;2796048544;2020-11-11;150.0;1
74828799;2247006610;2796048544;2020-11-11;100.0;1
74828799;664244417;2796048544;2020-11-11;50.0;1
74828799;2499948814;2796048544;2020-11-11;100.0;1
74828799;1212492764;2796048544;2020-11-11;60.0;1
74828799;1376025641;2796048544;2020-11-11;60.0;1
74828799;3282491652;2796048544;2009-11-27;0.0;1
74828799;4282307012;2796048544;2009-11-27;0.0;1
74828799;3498183911;3998832198;2020-11-11;150.0;1
74828799;1304795553;2796048544;2020-11-11;0.0;1
74828799;261338284;3980542086;2020-12-10;0.0;1
74828799;2134295316;3980542086;2020-11-11;50.0;1
74828799;721558336;3980542086;2014-10-24;300.0;1
74828799;4029333510;3130424873;2014-10-24;35.0;1
74828799;108748504;3980542086;2014-10-24;500.0;1
74828799;3138124404;3980542086;2014-10-24;500.0;1
74828799;1278864091;3130424873;2014-10-24;10.0;1
74828799;3022833355;3980542086;2009-11-27;0.0;1
74828799;3400674877;3980542086;2009-11-27;0.0;1
74828799;1999274468;3130424873;2014-10-24;20.0;1
74828799;3914208327;3130424873;2014-10-24;20.0;1
74828799;2426173656;3130424873;2020-11-11;18.0;1
74828799;108460112;3130424873;2014-10-24;10.0;1
74828799;2892147488;2334312382;2020-11-11;50.0;1
74828799;2898105392;3850018889;2017-08-28;10.0;1
74828799;208825500;291672851;2014-10-24;7.0;1
74828799;3930090225;291672851;2014-10-24;7.0;1
74828799;1457231501;291672851;2014-10-24;10.0;1
74828799;251898314;291672851;2014-10-24;10.0;1
74828799;722985978;291672851;2014-10-24;10.0;1
74828799;3549813610;3130424873;2022-04-02;50000.0;1
74828799;1703559287;3130424873;2022-05-01;50000.0;1
74828799;59973342;3130424873;2014-10-24;200.0;1
74828799;931113261;3130424873;2012-11-01;35.0;1
74828799;4088963607;2334312382;2007-08-23;0.0;1
74828799;562647883;76980960;2017-08-28;10.0;1
74828799;3404335289;2334312382;2020-11-11;750.0;1
74828799;137450532;2334312382;2017-08-28;270.0;1
74828799;1081020376;2334312382;2017-08-28;270.0;1
74828799;1977308685;2334312382;2020-11-11;750.0;1
74828799;2497826358;2334312382;2020-11-11;750.0;1
74828799;2636846175;2334312382;2017-08-28;270.0;1
74828799;1060326396;2334312382;2017-08-28;270.0;1
74828799;990522243;2334312382;2020-11-11;750.0;1
74828799;2060264988;2334312382;2017-08-28;270.0;1
74828799;2238063555;2334312382;2017-08-28;270.0;1
74828799;3205168557;2334312382;2020-11-11;1200.0;1
74828799;3113214373;2334312382;2020-11-11;1200.0;1
74828799;1735710467;2334312382;2020-11-11;1200.0;1
74828799;4247246681;2334312382;2014-10-25;500.0;1
74828799;2805208638;2334312382;2014-10-25;500.0;1
74828799;2557879624;2334312382;2020-11-11;1200.0;1
3311443;517225378;4212814268;2020-02-16;7.0;2
3311443;2507855363;4212814268;2020-02-16;7.0;2
3311443;401013730;790762196;2013-11-02;30.0;1
3311443;1999274468;3130424873;2013-11-02;20.0;1
3311443;3914208327;3130424873;2013-11-02;20.0;1
3311443;2426173656;3130424873;2013-11-02;20.0;1
3311443;108460112;3130424873;2013-11-02;20.0;1
3311443;2892147488;2334312382;2021-12-31;0.0;1
3311443;1457231501;291672851;2013-11-02;20.0;1
3311443;251898314;291672851;2013-11-02;20.0;1
3311443;3549813610;3130424873;2005-12-19;6.0;2
3311443;1703559287;3130424873;2003-10-15;2.0;2
3311443;562647883;76980960;2013-11-02;20.0;1
3311443;451361109;3552362993;2013-11-02;20.0;1
3311443;3722594547;55137634;2013-11-02;10.0;1
43180355;517225378;4212814268;1996-07-25;0.0;1
43180355;2507855363;4212814268;1996-07-25;0.0;1
43180355;401013730;790762196;1996-07-25;0.0;1
43180355;1794013178;2932253015;2009-12-16;0.0;1
43180355;773714337;2932253015;2009-12-16;0.0;1
43180355;3264781717;2932253015;2009-12-16;0.0;1
43180355;3879190794;2932253015;2017-05-25;47.88;1
43180355;3756945383;2932253015;2009-12-16;0.0;1
43180355;1257997507;2932253015;2005-11-01;21.0;1
43180355;1118432461;2932253015;2009-12-16;0.0;1
43180355;2134295316;3980542086;2019-11-14;89.0;1
43180355;721558336;3980542086;2019-11-14;50.0;1
43180355;1155441338;1685172514;2017-05-25;8.0;1
43180355;2892147488;2334312382;2019-11-14;4.99;1
43180355;3667395183;3850018889;2019-11-14;9.99;1
43180355;2898105392;3850018889;2019-11-14;9.99;1
43180355;2103527507;3850018889;2005-11-01;3.0;1
43180355;3885590955;291672851;2019-11-14;4.99;1
43180355;3930090225;291672851;2005-11-01;10.0;1
43180355;3549813610;3130424873;1996-07-25;0.0;1
43180355;1703559287;3130424873;1996-07-25;0.0;1
43180355;562647883;76980960;2017-05-25;8.0;1
43180355;451361109;3552362993;1996-07-25;0.0;1
43180355;213799889;3226552005;1996-07-25;0.0;1
43180355;3722594547;55137634;1996-07-25;0.0;1
1800019;517225378;4212814268;2012-07-23;1000.0;1
1800019;2507855363;4212814268;2012-07-23;1000.0;1
1800019;401013730;790762196;2008-04-30;1000.0;1
1800019;1304795553;2796048544;2008-04-30;2500.0;1
1800019;261338284;3980542086;2012-12-31;0.0;1
1800019;1999274468;3130424873;2010-12-31;20.0;1
1800019;3914208327;3130424873;2010-12-31;20.0;1
1800019;2426173656;3130424873;2008-04-30;100.0;1
1800019;2892147488;2334312382;2010-12-31;20.0;1
1800019;2898105392;3850018889;2008-04-30;0.0;1
1800019;2103527507;3850018889;2008-04-30;10.0;1
1800019;3930090225;291672851;1997-04-25;10.0;1
1800019;1457231501;291672851;1997-04-25;10.0;1
1800019;251898314;291672851;1997-04-25;10.0;1
1800019;722985978;291672851;1997-04-25;10.0;1
1800019;3549813610;3130424873;2008-04-30;5.0;2
1800019;1703559287;3130424873;1997-04-25;1000.0;1
1800019;59973342;3130424873;1997-04-25;1000.0;1
1800019;931113261;3130424873;1997-04-25;1000.0;1
1800019;4088963607;2334312382;2008-04-30;6000.0;1
1800019;562647883;76980960;1997-04-25;10.0;1
1800019;451361109;3552362993;1997-04-25;10.0;1
1800019;213799889;3226552005;1997-04-25;10.0;1
1800019;3722594547;55137634;2012-07-23;12.0;1
27351731;2507855363;4212814268;2017-08-02;0.0;1
5503849;517225378;4212814268;2015-04-29;2500.0;1
5503849;2507855363;4212814268;2015-04-29;2500.0;1
5503849;401013730;790762196;2011-10-04;15.0;1
5503849;4139694264;2796048544;2011-11-04;25.0;1
5503849;1999274468;3130424873;2011-10-04;21.0;1
5503849;3914208327;3130424873;2011-11-04;21.0;1
5503849;2892147488;2334312382;2011-04-05;21.0;1
5503849;208825500;291672851;2011-10-04;10.0;1
5503849;1297709378;291672851;2011-10-04;10.0;1
5503849;3885590955;291672851;2011-11-04;10.0;1
5503849;3930090225;291672851;2008-11-10;0.0;1
5503849;1457231501;291672851;2011-04-05;10.0;1
5503849;251898314;291672851;2011-04-05;10.0;1
5503849;3549813610;3130424873;2021-04-02;15.0;2
5503849;1703559287;3130424873;2011-04-07;10.0;1
5503849;59973342;3130424873;2008-11-10;500.0;1
5503849;931113261;3130424873;2011-04-05;1.0;1
5503849;4088963607;2334312382;2008-11-10;0.0;1
5503849;562647883;76980960;2008-11-10;15.0;1
3881423;517225378;4212814268;2017-08-22;10.0;2
3881423;2507855363;4212814268;2017-11-10;10.0;2
3881423;401013730;790762196;2008-05-09;0.0;1
3881423;3549813610;3130424873;2013-08-30;1500.0;1
3881423;1703559287;3130424873;2008-05-09;0.0;1
3881423;4088963607;2334312382;2008-05-09;0.0;1
3881423;562647883;76980960;2013-08-29;50.0;1
5192316;517225378;4212814268;2014-11-07;10.0;2
5192316;2507855363;4212814268;2014-02-16;600.0;1
5192316;3264781717;2932253015;2009-11-20;0.0;1
5192316;3879190794;2932253015;2009-11-20;0.0;1
5192316;3756945383;2932253015;2009-11-20;0.0;1
5192316;1257997507;2932253015;2009-11-20;0.0;1
5192316;1118432461;2932253015;2009-11-20;0.0;1
5192316;99858557;2932253015;2009-11-20;0.0;1
5192316;2892147488;2334312382;2021-11-27;5.0;1
5192316;3930090225;291672851;2010-06-14;3.9;1
5192316;3549813610;3130424873;2014-02-16;600.0;1
5192316;1703559287;3130424873;2009-11-20;0.0;1
5192316;59973342;3130424873;2009-11-20;0.0;1
5192316;4088963607;2334312382;2009-11-20;0.0;1
5192316;562647883;76980960;2009-11-20;0.0;1
23862762;517225378;4212814268;2016-10-16;150.0;1
23862762;2507855363;4212814268;2016-10-16;70.0;1
23862762;401013730;790762196;2016-10-16;40.0;1
23862762;1304795553;2796048544;2016-10-16;0.0;1
23862762;1999274468;3130424873;2016-10-16;20.0;1
23862762;3914208327;3130424873;2016-10-16;20.0;1
23862762;2426173656;3130424873;2016-10-16;60.0;1
23862762;108460112;3130424873;2016-10-16;60.0;1
23862762;2892147488;2334312382;2016-10-16;20.0;1
23862762;1457231501;291672851;2016-10-16;50.0;1
23862762;251898314;291672851;2016-10-16;50.0;1
23862762;722985978;291672851;2016-10-16;20.0;1
23862762;3549813610;3130424873;2016-10-16;200.0;1
23862762;1703559287;3130424873;2016-10-16;80.0;1
23862762;59973342;3130424873;2016-10-16;120.0;1
23862762;562647883;76980960;2016-10-16;15.0;1
10690848;517225378;4212814268;2009-11-03;50.0;1
10690848;2507855363;4212814268;2011-10-04;50.0;1
10690848;401013730;790762196;2009-07-16;25.0;1
10690848;4139694264;2796048544;2011-04-02;30.0;1
10690848;3498183911;3998832198;2009-11-03;25.0;1
10690848;261338284;3980542086;2009-11-03;50.0;1
10690848;2134295316;3980542086;2019-04-02;120.0;1
10690848;721558336;3980542086;2019-04-02;120.0;1
10690848;4029333510;3130424873;2011-04-02;20.0;1
10690848;108748504;3980542086;2011-04-02;500.0;1
10690848;3138124404;3980542086;2011-04-02;500.0;1
10690848;1278864091;3130424873;2011-04-02;25.0;1
10690848;1999274468;3130424873;2009-07-16;15.0;1
10690848;3914208327;3130424873;2009-07-16;15.0;1
10690848;2426173656;3130424873;2009-11-03;30.0;1
10690848;2892147488;2334312382;2017-06-02;15.0;1
10690848;2898105392;3850018889;2013-04-02;2.5;1
10690848;2103527507;3850018889;2009-11-03;6.0;1
10690848;208825500;291672851;2009-11-03;500.0;1
10690848;1297709378;291672851;2011-04-02;5.0;1
10690848;3885590955;291672851;2011-04-02;5.0;1
10690848;3930090225;291672851;2009-11-03;5.0;1
10690848;1457231501;291672851;2009-11-03;6.0;1
10690848;251898314;291672851;2009-11-03;6.0;1
10690848;722985978;291672851;2009-11-03;5.0;1
10690848;3549813610;3130424873;2018-10-02;1000.0;1
10690848;1703559287;3130424873;2017-06-02;500.0;1
10690848;59973342;3130424873;2009-07-16;100.0;1
10690848;4088963607;2334312382;2012-10-02;1000.0;1
10690848;562647883;76980960;2013-04-02;15.0;1
10690848;451361109;3552362993;2009-07-16;0.0;1
10690848;213799889;3226552005;2009-11-03;0.0;1
10690848;3722594547;55137634;2013-04-02;300.0;1
10690848;3047578516;3620266624;2017-06-02;20.0;1
10690848;4038098750;3620266624;2017-06-02;20.0;1
10690848;3404335289;2334312382;2015-10-01;300.0;1
10690848;1081020376;2334312382;2009-07-17;0.0;1
10690848;2497826358;2334312382;2015-10-01;300.0;1
10690848;2060264988;2334312382;2015-10-01;300.0;1
10690848;3205168557;2334312382;2020-07-02;1500.0;1
10690848;1735710467;2334312382;2020-07-02;750.0;1
10690848;4247246681;2334312382;2015-10-01;300.0;1
10690848;2557879624;2334312382;2020-07-02;1500.0;1
57839805;517225378;4212814268;1996-07-25;0.0;1
57839805;2507855363;4212814268;1996-07-25;0.0;1
57839805;401013730;790762196;1996-07-25;0.0;1
57839805;4139694264;2796048544;1997-02-28;20.0;1
57839805;664244417;2796048544;2001-07-02;0.0;1
57839805;3498183911;3998832198;2014-06-06;0.11;2
57839805;1999274468;3130424873;2020-01-14;15.0;1
57839805;3914208327;3130424873;2020-01-13;15.0;1
57839805;2892147488;2334312382;2020-01-13;15.0;1
57839805;208825500;291672851;2001-07-02;3.0;1
57839805;3930090225;291672851;2018-07-05;6.0;1
57839805;1457231501;291672851;2015-01-13;16.0;1
57839805;251898314;291672851;2015-01-13;16.0;1
57839805;722985978;291672851;2001-07-02;6.0;1
57839805;3549813610;3130424873;2013-01-29;10.0;2
57839805;1703559287;3130424873;1996-07-25;0.0;1
57839805;59973342;3130424873;1996-07-25;0.0;1
57839805;931113261;3130424873;2001-07-02;0.0;1
57839805;4088963607;2334312382;2007-07-03;100.0;2
57839805;562647883;76980960;1997-02-28;15.0;1
57839805;451361109;3552362993;1996-07-25;0.0;1
57839805;213799889;3226552005;1996-07-25;0.0;1
57839805;3722594547;55137634;1996-07-25;0.0;1
62331228;517225378;4212814268;2020-06-16;300.0;1
62331228;2507855363;4212814268;2020-06-16;300.0;1
62331228;401013730;790762196;1996-07-25;0.0;1
62331228;4139694264;2796048544;2022-03-15;150.0;1
62331228;2499948814;2796048544;2001-03-30;0.0;1
62331228;1212492764;2796048544;1996-07-25;0.0;1
62331228;1376025641;2796048544;1996-07-25;0.0;1
62331228;3282491652;2796048544;1996-07-25;0.0;1
62331228;3498183911;3998832198;2022-03-15;150.0;1
62331228;1304795553;2796048544;2010-05-01;0.0;1
62331228;261338284;3980542086;2016-08-10;5000.0;1
62331228;2134295316;3980542086;2019-10-01;500.0;1
62331228;721558336;3980542086;2019-10-01;500.0;1
62331228;4029333510;3130424873;2016-08-17;50.0;1
62331228;108748504;3980542086;2022-06-24;2000.0;1
62331228;3138124404;3980542086;2022-06-24;2000.0;1
62331228;1999274468;3130424873;2016-08-10;25.0;1
62331228;3914208327;3130424873;2016-08-10;25.0;1
62331228;2892147488;2334312382;2016-08-10;25.0;1
62331228;2898105392;3850018889;2018-10-08;100.0;1
62331228;2103527507;3850018889;2016-08-10;10.0;1
62331228;1297709378;291672851;2010-03-25;8.5;1
62331228;3885590955;291672851;2010-03-25;6.0;1
62331228;3930090225;291672851;2010-03-25;6.5;1
62331228;1457231501;291672851;2020-06-16;30.0;1
62331228;251898314;291672851;2020-06-16;30.0;1
62331228;722985978;291672851;2020-06-16;30.0;1
62331228;3549813610;3130424873;2016-08-10;1000.0;1
62331228;1703559287;3130424873;2016-08-10;500.0;1
62331228;59973342;3130424873;2007-04-06;360.0;1
62331228;562647883;76980960;2016-08-10;100.0;1
62331228;451361109;3552362993;2007-04-06;6.0;1
62331228;213799889;3226552005;2007-04-06;5.8;1
62331228;3722594547;55137634;2007-04-06;4.5;1
62331228;4038098750;3620266624;1996-07-25;0.0;1
62331228;3404335289;2334312382;2020-06-30;600.0;1
62331228;2350530616;2334312382;2020-06-30;600.0;1
62331228;137450532;2334312382;2020-06-30;600.0;1
62331228;1081020376;2334312382;2020-06-30;600.0;1
62331228;1977308685;2334312382;2020-06-30;600.0;1
62331228;2497826358;2334312382;2020-06-30;600.0;1
62331228;2636846175;2334312382;2020-06-30;600.0;1
62331228;990522243;2334312382;2020-06-30;600.0;1
62331228;2060264988;2334312382;2020-06-30;600.0;1
62331228;111846818;2334312382;2020-06-30;600.0;1
62331228;2238063555;2334312382;2020-06-30;600.0;1
62331228;4247246681;2334312382;2020-06-30;600.0;1
62331228;1678717024;2334312382;2020-06-30;600.0;1
62331228;2805208638;2334312382;2020-06-30;600.0;1
122327;517225378;4212814268;2008-04-10;10.0;2
122327;2507855363;4212814268;2014-10-22;10.0;2
122327;401013730;790762196;2014-10-22;100.0;1
122327;1999274468;3130424873;2014-10-22;50.0;1
122327;3914208327;3130424873;2014-10-22;50.0;1
122327;2426173656;3130424873;2014-10-22;50.0;1
122327;108460112;3130424873;2014-10-22;50.0;1
122327;2892147488;2334312382;2014-10-22;50.0;1
122327;208825500;291672851;2014-10-22;50.0;1
122327;1297709378;291672851;2014-10-22;50.0;1
122327;3930090225;291672851;2014-10-22;50.0;1
122327;1457231501;291672851;2014-10-22;50.0;1
122327;251898314;291672851;2014-10-22;50.0;1
122327;722985978;291672851;2014-10-22;50.0;1
122327;3549813610;3130424873;2014-10-22;10.0;2
122327;1703559287;3130424873;2014-10-22;10.0;2
122327;59973342;3130424873;2014-10-22;10.0;2
122327;931113261;3130424873;2014-10-22;10.0;2
122327;4088963607;2334312382;2007-07-24;10.0;2
122327;562647883;76980960;2014-10-22;50.0;1
122327;451361109;3552362993;2014-10-22;50.0;1
122327;213799889;3226552005;2014-10-22;50.0;1
122327;3722594547;55137634;2014-10-22;50.0;1
122327;3047578516;3620266624;2014-10-22;50.0;1
122327;4038098750;3620266624;2014-10-22;50.0;1
33132044;517225378;4212814268;2008-04-01;250.0;1
33132044;2507855363;4212814268;2008-04-01;200.0;1
33132044;401013730;790762196;1997-01-24;45.0;1
33132044;3352906462;215245658;2008-04-01;10.0;1
33132044;238187707;215245658;2008-04-01;20.0;1
33132044;4139694264;2796048544;2008-04-01;20.0;1
33132044;2247006610;2796048544;2008-04-01;20.0;1
33132044;664244417;2796048544;2008-04-01;20.0;1
33132044;2499948814;2796048544;2008-04-01;25.0;1
33132044;1212492764;2796048544;2008-04-01;25.0;1
33132044;1376025641;2796048544;2008-04-01;25.0;1
33132044;3282491652;2796048544;2008-04-01;1.0;1
33132044;4282307012;2796048544;2008-04-01;20.0;1
33132044;3498183911;3998832198;2008-04-01;20.0;1
33132044;1304795553;2796048544;2003-05-09;0.1;2
33132044;84893611;2796048544;2008-04-01;0.1;2
33132044;261338284;3980542086;2008-04-01;75.0;1
33132044;2134295316;3980542086;2008-04-01;30.0;1
33132044;721558336;3980542086;2008-04-01;0.0;1
33132044;4029333510;3130424873;2008-04-01;50.0;1
33132044;108748504;3980542086;2008-04-01;75.0;1
33132044;3138124404;3980542086;2008-04-01;75.0;1
33132044;1278864091;3130424873;2008-04-01;5.0;1
33132044;1999274468;3130424873;2008-04-01;20.0;1
33132044;3914208327;3130424873;2008-04-01;20.0;1
33132044;2426173656;3130424873;2008-04-01;50.0;1
33132044;2892147488;2334312382;2008-04-01;20.0;1
33132044;2898105392;3850018889;2008-04-01;5.0;1
33132044;2103527507;3850018889;2008-04-01;15.0;1
33132044;208825500;291672851;2008-04-01;5.0;1
33132044;1297709378;291672851;2008-04-01;5.0;1
33132044;3885590955;291672851;2008-04-01;4.0;1
33132044;3930090225;291672851;2008-04-01;2.0;1
33132044;1457231501;291672851;2008-04-01;90.0;1
33132044;251898314;291672851;2008-04-01;35.0;1
33132044;722985978;291672851;2008-04-01;5.0;1
33132044;3549813610;3130424873;2008-04-01;250.0;1
33132044;1703559287;3130424873;2008-04-01;0.0;1
33132044;59973342;3130424873;2008-04-01;50.0;1
33132044;931113261;3130424873;2008-04-01;2.0;1
33132044;4088963607;2334312382;2008-04-01;0.0;1
33132044;562647883;76980960;2008-04-01;5.0;1
33132044;451361109;3552362993;2008-04-01;0.0;1
33132044;213799889;3226552005;2008-04-01;0.0;1
33132044;3722594547;55137634;2008-04-01;0.0;1
33132044;4038098750;3620266624;2008-04-01;10.0;1
31880826;517225378;4212814268;2019-03-06;2000.0;1
31880826;2507855363;4212814268;2019-03-06;1000.0;1
31880826;401013730;790762196;1996-07-25;0.0;1
31880826;4139694264;2796048544;2019-03-06;2000.0;1
31880826;261338284;3980542086;2019-03-06;300.0;1
31880826;2134295316;3980542086;2019-03-06;5000.0;1
31880826;721558336;3980542086;2019-03-06;10000.0;1
31880826;4029333510;3130424873;2019-03-06;10000.0;1
31880826;108748504;3980542086;2019-03-06;10000.0;1
31880826;3138124404;3980542086;2019-03-06;10000.0;1
31880826;1278864091;3130424873;2008-04-28;0.0;1
31880826;3022833355;3980542086;2008-04-28;0.0;1
31880826;1999274468;3130424873;2019-03-06;500.0;1
31880826;3914208327;3130424873;2019-03-06;500.0;1
31880826;2426173656;3130424873;2008-04-28;0.0;1
31880826;2892147488;2334312382;2019-03-06;300.0;1
31880826;3667395183;3850018889;2008-04-28;0.0;1
31880826;2898105392;3850018889;2015-04-06;30.0;1
31880826;2103527507;3850018889;2015-04-06;30.0;1
31880826;208825500;291672851;2019-03-06;100.0;1
31880826;1297709378;291672851;2019-03-06;100.0;1
31880826;3885590955;291672851;2019-03-06;100.0;1
31880826;3930090225;291672851;2019-03-06;100.0;1
31880826;1457231501;291672851;2019-03-06;150.0;1
31880826;251898314;291672851;2019-03-06;100.0;1
31880826;722985978;291672851;2019-03-06;100.0;1
31880826;3549813610;3130424873;2021-08-07;5.0;2
31880826;1703559287;3130424873;2019-03-06;10.0;2
31880826;59973342;3130424873;2019-03-06;10000.0;1
31880826;931113261;3130424873;2019-03-06;50.0;1
31880826;4088963607;2334312382;2019-03-06;20.0;2
31880826;562647883;76980960;2015-06-06;100.0;1
31880826;451361109;3552362993;1996-07-25;0.0;1
31880826;213799889;3226552005;1996-07-25;0.0;1
31880826;3722594547;55137634;2008-04-28;0.0;1
31880826;3047578516;3620266624;2015-04-06;5.0;1
31880826;4038098750;3620266624;2015-04-06;10.0;1
31880826;3404335289;2334312382;2008-04-28;0.0;1
31880826;2350530616;2334312382;2008-04-28;0.0;1
31880826;137450532;2334312382;2008-04-28;0.0;1
31880826;1081020376;2334312382;2008-04-28;0.0;1
31880826;1977308685;2334312382;2008-04-28;0.0;1
31880826;2497826358;2334312382;2008-04-28;0.0;1
31880826;2636846175;2334312382;2008-04-28;0.0;1
31880826;1060326396;2334312382;2008-04-28;0.0;1
31880826;990522243;2334312382;2008-04-28;0.0;1
31880826;2060264988;2334312382;2008-04-28;0.0;1
31880826;111846818;2334312382;2008-04-28;0.0;1
31880826;2238063555;2334312382;2008-04-28;0.0;1
31880826;3205168557;2334312382;2008-04-28;0.0;1
31880826;3113214373;2334312382;2008-04-28;0.0;1
31880826;1735710467;2334312382;2008-04-28;0.0;1
53518684;517225378;4212814268;2021-10-21;40.0;1
53518684;2507855363;4212814268;2021-10-21;40.0;1
53518684;2134295316;3980542086;2021-10-21;50.0;1
53518684;721558336;3980542086;2021-10-21;40.0;1
53518684;1999274468;3130424873;2021-10-21;15.0;1
53518684;3914208327;3130424873;2021-10-21;15.0;1
53518684;2426173656;3130424873;2017-02-04;0.0;1
53518684;2892147488;2334312382;2021-10-21;20.0;1
53518684;2898105392;3850018889;2021-10-21;100.0;1
53518684;208825500;291672851;2021-10-21;10.0;1
53518684;3930090225;291672851;2021-10-21;7.0;1
53518684;3549813610;3130424873;2017-02-04;0.0;1
53518684;59973342;3130424873;2017-02-04;0.0;1
53518684;562647883;76980960;2017-02-04;0.0;1
53518684;3404335289;2334312382;2022-01-04;1000.0;1
53518684;2350530616;2334312382;2022-01-04;1000.0;1
53518684;137450532;2334312382;2022-01-04;1000.0;1
53518684;1081020376;2334312382;2022-01-04;99999.99;1
53518684;1977308685;2334312382;2022-01-04;1000.0;1
53518684;2497826358;2334312382;2022-01-04;1000.0;1
53518684;2636846175;2334312382;2022-01-04;1000.0;1
53518684;1060326396;2334312382;2022-01-04;100.0;2
53518684;990522243;2334312382;2022-01-04;1000.0;1
53518684;2060264988;2334312382;2022-01-04;1000.0;1
53518684;111846818;2334312382;2022-01-04;1000.0;1
53518684;2238063555;2334312382;2022-01-04;1000.0;1
53518684;3205168557;2334312382;2022-01-04;5000.0;1
53518684;3113214373;2334312382;2022-01-04;5000.0;1
53518684;1735710467;2334312382;2022-01-04;5000.0;1
23903068;517225378;4212814268;2022-04-19;2200.0;1
23903068;3549813610;3130424873;2022-04-19;2200.0;1
23903068;1703559287;3130424873;2022-04-19;800.0;1
23903068;59973342;3130424873;2016-09-30;800.0;1
23903068;4088963607;2334312382;2016-09-30;0.0;1
1023570;517225378;4212814268;2008-04-08;0.0;1
1023570;2507855363;4212814268;2008-04-08;0.0;1
1023570;401013730;790762196;2008-04-30;0.0;1
1023570;261338284;3980542086;1996-07-25;0.0;1
1023570;2134295316;3980542086;2008-04-30;0.0;1
1023570;721558336;3980542086;2008-04-30;0.0;1
1023570;108748504;3980542086;1996-07-25;0.0;1
1023570;1278864091;3130424873;1996-07-25;0.0;1
1023570;1155441338;1685172514;1996-07-25;0.0;1
1023570;1999274468;3130424873;1996-07-25;0.0;1
1023570;3914208327;3130424873;1996-07-25;0.0;1
1023570;2426173656;3130424873;1996-07-25;0.0;1
1023570;108460112;3130424873;1996-07-25;0.0;1
1023570;2892147488;2334312382;2008-04-08;0.0;1
1023570;3667395183;3850018889;1996-07-25;0.0;1
1023570;2898105392;3850018889;2008-04-08;0.0;1
1023570;2103527507;3850018889;2008-04-30;0.0;1
1023570;208825500;291672851;1996-07-25;0.0;1
1023570;1297709378;291672851;1996-07-25;0.0;1
1023570;3930090225;291672851;2008-04-30;0.0;1
1023570;1457231501;291672851;2008-04-30;0.0;1
1023570;251898314;291672851;2008-04-30;0.0;1
1023570;722985978;291672851;2008-04-30;0.0;1
1023570;3549813610;3130424873;2008-04-30;0.0;1
1023570;1703559287;3130424873;2008-04-30;0.0;1
1023570;59973342;3130424873;2022-03-07;5000.0;1
1023570;931113261;3130424873;2008-04-30;0.0;1
1023570;4088963607;2334312382;2008-04-30;0.0;1
1023570;562647883;76980960;2013-07-02;200.0;1
1023570;451361109;3552362993;2008-04-30;0.0;1
1023570;213799889;3226552005;2008-04-30;0.0;1
1023570;3722594547;55137634;1996-07-25;0.0;1
1023570;3047578516;3620266624;1996-07-25;0.0;1
1023570;4038098750;3620266624;1996-07-25;0.0;1
1023570;3404335289;2334312382;2010-05-14;500.0;1
1023570;2350530616;2334312382;2008-04-30;0.0;1
1023570;137450532;2334312382;2013-07-08;200.0;1
1023570;1081020376;2334312382;2015-08-28;2000.0;1
1023570;1977308685;2334312382;2008-04-30;0.0;1
1023570;2497826358;2334312382;2008-11-17;500.0;1
1023570;2636846175;2334312382;2008-11-17;200.0;1
1023570;1060326396;2334312382;2008-04-30;0.0;1
1023570;990522243;2334312382;2015-08-28;2000.0;1
1023570;2060264988;2334312382;2013-07-02;500.0;1
1023570;111846818;2334312382;2008-04-30;0.0;1
1023570;2238063555;2334312382;2013-07-08;200.0;1
1023570;3205168557;2334312382;2008-04-30;0.0;1
1023570;3113214373;2334312382;2008-04-30;0.0;1
1023570;1735710467;2334312382;2008-04-30;0.0;1
1023570;4247246681;2334312382;2013-07-02;500.0;1
1023570;1678717024;2334312382;2008-04-30;0.0;1
1023570;2805208638;2334312382;2013-07-02;200.0;1
1023570;2557879624;2334312382;2008-04-30;0.0;1
517645;517225378;4212814268;2016-05-12;2500.0;1
517645;2507855363;4212814268;2008-04-30;500.0;1
517645;401013730;790762196;2016-05-12;500.0;1
517645;3879190794;2932253015;2000-03-20;0.0;1
517645;3756945383;2932253015;2008-03-31;0.0;1
517645;394608683;2932253015;2000-03-20;0.0;1
517645;3680833098;2932253015;2008-03-31;0.0;1
517645;1257997507;2932253015;2008-03-31;0.0;1
517645;1118432461;2932253015;2008-03-31;0.0;1
517645;99858557;2932253015;2008-03-31;0.0;1
517645;3239405682;2932253015;2008-03-31;0.0;1
517645;3352906462;215245658;2000-03-20;0.0;1
517645;238187707;215245658;2000-03-20;0.0;1
517645;4139694264;2796048544;2016-05-12;1000.0;1
517645;2247006610;2796048544;2016-05-12;0.0;1
517645;664244417;2796048544;2000-03-20;0.0;1
517645;2499948814;2796048544;2000-03-20;0.0;1
517645;1212492764;2796048544;2000-03-20;0.0;1
517645;1376025641;2796048544;2000-03-20;0.0;1
517645;3282491652;2796048544;2000-03-20;0.0;1
517645;4282307012;2796048544;2000-03-20;0.0;1
517645;3498183911;3998832198;2003-02-05;0.16;2
517645;261338284;3980542086;2016-05-12;100.0;1
517645;2134295316;3980542086;2016-05-12;500.0;1
517645;721558336;3980542086;2016-05-12;500.0;1
517645;4029333510;3130424873;2016-05-12;300.0;1
517645;108748504;3980542086;2016-05-12;2500.0;1
517645;3138124404;3980542086;2016-05-12;2500.0;1
517645;1278864091;3130424873;2016-05-12;30.0;1
517645;3022833355;3980542086;2008-03-31;0.0;1
517645;3400674877;3980542086;2008-03-31;0.0;1
517645;1999274468;3130424873;2016-05-12;100.0;1
517645;3914208327;3130424873;2016-05-12;100.0;1
517645;2426173656;3130424873;2000-03-20;0.0;1
517645;108460112;3130424873;2000-03-20;0.0;1
517645;2892147488;2334312382;2016-05-12;100.0;1
517645;2898105392;3850018889;2016-05-12;50.0;1
517645;2103527507;3850018889;2016-05-12;50.0;1
517645;208825500;291672851;2016-05-12;50.0;1
517645;1297709378;291672851;2016-05-12;50.0;1
517645;3885590955;291672851;2016-05-12;0.0;1
517645;3930090225;291672851;2016-05-12;0.0;1
517645;1457231501;291672851;2016-05-12;100.0;1
517645;251898314;291672851;2016-05-12;50.0;1
517645;722985978;291672851;2016-05-12;50.0;1
517645;3549813610;3130424873;2019-05-07;1000.0;1
517645;1703559287;3130424873;2016-05-12;10000.0;1
517645;59973342;3130424873;2016-05-12;5000.0;1
517645;931113261;3130424873;2016-05-12;100.0;1
517645;4088963607;2334312382;2012-12-21;5.0;2
517645;562647883;76980960;2016-05-12;100.0;1
517645;451361109;3552362993;2016-05-12;0.0;1
517645;213799889;3226552005;2016-05-12;0.0;1
517645;3722594547;55137634;2016-05-12;100.0;1
517645;3047578516;3620266624;2016-05-12;25.0;1
517645;4038098750;3620266624;2016-05-12;25.0;1
37122487;517225378;4212814268;2021-08-30;300.0;1
6339468;3549813610;3130424873;2007-02-10;15.0;1
9473806;517225378;4212814268;2010-04-01;1000.0;1
9473806;2507855363;4212814268;2010-04-01;1000.0;1
9473806;401013730;790762196;2010-04-01;0.0;1
9473806;3930090225;291672851;2009-12-09;1000.0;1
9473806;3549813610;3130424873;2009-12-09;500.0;1
33042151;517225378;4212814268;2017-08-17;200.0;1
33042151;2507855363;4212814268;2017-08-17;200.0;1
33042151;401013730;790762196;1996-07-25;0.0;1
33042151;3352906462;215245658;2017-08-17;10.0;1
33042151;238187707;215245658;2017-08-17;20.0;1
33042151;4139694264;2796048544;2015-01-08;30.0;1
33042151;2247006610;2796048544;2017-08-17;15.0;1
33042151;664244417;2796048544;2014-03-11;30.0;1
33042151;2499948814;2796048544;2014-03-11;30.0;1
33042151;1212492764;2796048544;2015-01-08;40.0;1
33042151;1376025641;2796048544;2017-08-17;100.0;1
33042151;3282491652;2796048544;1996-07-25;0.0;1
33042151;4282307012;2796048544;1996-07-25;0.0;1
33042151;3498183911;3998832198;2009-12-14;0.0;1
33042151;1304795553;2796048544;2004-08-01;10.0;1
33042151;84893611;2796048544;2004-08-01;10.0;1
33042151;261338284;3980542086;2004-07-01;30.0;1
33042151;2134295316;3980542086;2017-08-17;30.0;1
33042151;721558336;3980542086;2014-03-11;100.0;1
33042151;4029333510;3130424873;2005-04-15;15.0;2
33042151;108748504;3980542086;2017-08-17;30.0;1
33042151;3138124404;3980542086;2017-08-17;60.0;1
33042151;1278864091;3130424873;2017-08-17;10.0;1
33042151;108460112;3130424873;1996-07-25;0.0;1
33042151;2892147488;2334312382;2017-08-17;20.0;1
33042151;2103527507;3850018889;2017-08-17;10.0;1
33042151;208825500;291672851;2017-08-17;10.0;1
33042151;1297709378;291672851;2017-08-17;10.0;1
33042151;3885590955;291672851;2017-08-17;10.0;1
33042151;3930090225;291672851;2004-07-01;0.0;1
33042151;1457231501;291672851;2017-08-17;10.0;1
33042151;251898314;291672851;2017-08-17;10.0;1
33042151;722985978;291672851;2017-08-17;10.0;1
33042151;3549813610;3130424873;2004-07-01;0.0;1
33042151;1703559287;3130424873;2004-07-01;0.0;1
33042151;59973342;3130424873;2004-07-01;0.0;1
33042151;931113261;3130424873;2015-01-08;0.0;1
33042151;4088963607;2334312382;2005-04-15;200.0;1
33042151;562647883;76980960;2017-09-17;10.0;1
33042151;3404335289;2334312382;2017-11-10;96.0;1
33042151;137450532;2334312382;2017-11-10;0.12;2
33042151;1081020376;2334312382;2017-11-10;0.12;2
33042151;1977308685;2334312382;2017-11-10;0.0;1
33042151;2497826358;2334312382;2017-11-10;96.0;1
33042151;2636846175;2334312382;2017-11-10;0.2;2
33042151;1060326396;2334312382;2017-11-10;160.0;1
33042151;990522243;2334312382;2017-11-10;0.0;1
33042151;2060264988;2334312382;2017-11-10;96.0;1
33042151;2238063555;2334312382;2017-11-10;0.3;2
33042151;3205168557;2334312382;2004-07-01;500.0;1
33042151;3113214373;2334312382;2004-07-01;500.0;1
33042151;4247246681;2334312382;2017-11-10;96.0;1
33042151;2805208638;2334312382;2017-11-10;0.3;2
33042151;2557879624;2334312382;2009-12-24;250.0;1
7441209;517225378;4212814268;2016-09-17;150.0;1
7441209;2507855363;4212814268;2016-09-17;150.0;1
7441209;401013730;790762196;2016-09-17;10.0;1
7441209;208825500;291672851;2016-09-17;10.0;1
7441209;1297709378;291672851;2016-09-17;10.0;1
7441209;3885590955;291672851;2016-09-17;10.0;1
7441209;3930090225;291672851;2016-09-17;10.0;1
7441209;1457231501;291672851;2016-09-17;10.0;1
7441209;251898314;291672851;2016-09-17;10.0;1
7441209;722985978;291672851;2016-09-17;10.0;1
7441209;3549813610;3130424873;2016-09-17;10000.0;1
7441209;1703559287;3130424873;2022-05-11;7000.0;1
7441209;59973342;3130424873;2015-11-26;5500.0;1
7441209;4088963607;2334312382;2022-05-11;4000.0;1
7441209;562647883;76980960;2016-09-17;1000.0;1
7441209;3722594547;55137634;2016-09-17;10.0;1
45283173;2507855363;4212814268;2021-12-31;0.0;1
45283173;401013730;790762196;2021-12-31;0.0;1
5676026;517225378;4212814268;2020-06-02;300.0;1
5676026;401013730;790762196;2020-06-02;300.0;1
6040559;517225378;4212814268;2012-04-09;400.0;1
6040559;2507855363;4212814268;2012-04-09;200.0;1
6040559;401013730;790762196;2012-04-09;100.0;1
6040559;1999274468;3130424873;2012-04-09;10.0;1
6040559;108460112;3130424873;2012-04-09;10.0;1
6040559;2892147488;2334312382;2012-04-09;10.0;1
6040559;208825500;291672851;2012-04-09;10.0;1
6040559;1297709378;291672851;2012-04-09;5.0;1
6040559;3930090225;291672851;2012-04-09;5.0;1
6040559;1457231501;291672851;2012-04-09;5.0;1
6040559;251898314;291672851;2012-04-09;5.0;1
6040559;722985978;291672851;2012-04-09;5.0;1
6040559;3549813610;3130424873;2012-04-09;400.0;1
6040559;1703559287;3130424873;2012-04-09;400.0;1
6040559;59973342;3130424873;2012-04-09;10.0;1
6040559;562647883;76980960;2012-04-09;10.0;1
6040559;451361109;3552362993;2012-04-09;0.0;1
6040559;213799889;3226552005;2012-04-09;0.0;1
6040559;3722594547;55137634;2012-04-09;0.0;1
61348538;261338284;3980542086;2021-05-18;0.0;1
61348538;2134295316;3980542086;2021-05-18;0.0;1
61348538;721558336;3980542086;2021-05-18;0.0;1
61348538;4029333510;3130424873;2021-05-18;0.0;1
61348538;1278864091;3130424873;2021-05-18;0.0;1
61348538;1999274468;3130424873;2021-05-18;0.0;1
61348538;3914208327;3130424873;2021-05-18;0.0;1
61348538;2892147488;2334312382;2021-05-18;0.0;1
61348538;2898105392;3850018889;2021-05-18;0.0;1
61348538;3549813610;3130424873;2021-05-18;0.0;1
61348538;1703559287;3130424873;2021-05-18;0.0;1
11285104;517225378;4212814268;2013-10-26;2000.0;1
11285104;2507855363;4212814268;2018-01-16;1000.0;1
11285104;401013730;790762196;2018-01-16;500.0;1
11285104;4139694264;2796048544;2015-10-30;500.0;1
11285104;664244417;2796048544;2018-01-16;100.0;1
11285104;2499948814;2796048544;2013-10-26;100.0;1
11285104;1212492764;2796048544;2018-01-16;100.0;1
11285104;1376025641;2796048544;2018-01-16;100.0;1
11285104;3282491652;2796048544;2018-01-16;100.0;1
11285104;4282307012;2796048544;2018-01-16;100.0;1
11285104;1155441338;1685172514;2010-01-30;0.0;1
11285104;1999274468;3130424873;2018-01-16;100.0;1
11285104;3914208327;3130424873;2018-01-16;100.0;1
11285104;2426173656;3130424873;2018-01-16;200.0;1
11285104;108460112;3130424873;2010-01-30;0.0;1
11285104;2892147488;2334312382;2018-01-16;100.0;1
11285104;2103527507;3850018889;2018-01-16;100.0;1
11285104;208825500;291672851;2013-10-26;1000.0;1
11285104;1297709378;291672851;2018-01-16;300.0;1
11285104;3885590955;291672851;2018-01-16;100.0;1
11285104;3930090225;291672851;2013-10-26;1000.0;1
11285104;1457231501;291672851;2013-10-26;1000.0;1
11285104;251898314;291672851;2018-01-16;500.0;1
11285104;722985978;291672851;2015-10-30;300.0;1
11285104;3549813610;3130424873;2013-10-26;80000.0;1
11285104;1703559287;3130424873;2013-10-26;25000.0;1
11285104;59973342;3130424873;2018-01-16;25000.0;1
11285104;931113261;3130424873;2013-10-26;500.0;1
11285104;4088963607;2334312382;2013-10-26;2000.0;1
11285104;562647883;76980960;2013-10-26;250.0;1
11285104;451361109;3552362993;2013-10-26;300.0;1
11285104;213799889;3226552005;2013-10-26;300.0;1
11285104;3722594547;55137634;2013-10-26;300.0;1
11285104;3047578516;3620266624;2010-01-30;0.0;1
11285104;4038098750;3620266624;2010-01-30;0.0;1
12865507;517225378;4212814268;2016-07-11;1000.0;1
12865507;2507855363;4212814268;2016-12-12;1000.0;1
12865507;401013730;790762196;2017-12-13;150.0;1
12865507;108748504;3980542086;2016-12-13;5.0;2
12865507;3138124404;3980542086;2016-12-13;5.0;2
12865507;2426173656;3130424873;2001-06-22;0.0;1
12865507;2892147488;2334312382;2016-12-12;50.0;1
12865507;3667395183;3850018889;2001-06-22;0.0;1
12865507;2898105392;3850018889;2001-06-22;0.0;1
12865507;2103527507;3850018889;2017-12-13;35.0;1
12865507;208825500;291672851;2016-12-12;50.0;1
12865507;1297709378;291672851;2016-12-12;50.0;1
12865507;3885590955;291672851;2016-12-13;50.0;1
12865507;3930090225;291672851;2016-12-12;50.0;1
12865507;1457231501;291672851;2009-09-01;20.0;1
12865507;251898314;291672851;2016-12-12;50.0;1
12865507;722985978;291672851;2016-12-12;50.0;1
12865507;3549813610;3130424873;2016-07-11;5.0;2
12865507;1703559287;3130424873;2016-07-11;5.0;2
12865507;59973342;3130424873;2017-09-21;99000.0;1
12865507;931113261;3130424873;2016-07-11;10.0;1
12865507;4088963607;2334312382;2013-03-07;20.0;2
12865507;562647883;76980960;2017-12-15;35.0;1
12865507;451361109;3552362993;2016-12-15;0.0;1
12865507;213799889;3226552005;2016-12-15;0.0;1
12865507;3722594547;55137634;2011-06-27;20.0;1
12865507;3047578516;3620266624;2001-06-22;0.0;1
12865507;4038098750;3620266624;2001-06-22;0.0;1
17453575;517225378;4212814268;2013-08-30;50.0;1
17453575;2507855363;4212814268;2013-08-30;50.0;1
17453575;401013730;790762196;2013-08-30;25.0;1
17453575;261338284;3980542086;2018-07-01;0.0;1
17453575;2134295316;3980542086;2013-08-30;20.0;1
17453575;721558336;3980542086;2013-08-30;20.0;1
17453575;1278864091;3130424873;2020-07-02;25.0;1
17453575;1999274468;3130424873;2013-08-30;15.0;1
17453575;3914208327;3130424873;2013-08-30;15.0;1
17453575;2426173656;3130424873;2013-08-30;30.0;1
17453575;2892147488;2334312382;2013-08-30;15.0;1
17453575;2898105392;3850018889;2018-07-01;10.0;1
17453575;208825500;291672851;2018-10-01;10.0;1
17453575;3885590955;291672851;2018-10-01;10.0;1
17453575;3549813610;3130424873;2013-08-30;500.0;1
17453575;1703559287;3130424873;2013-08-30;50.0;1
17453575;59973342;3130424873;2013-08-30;100.0;1
17453575;4088963607;2334312382;2013-08-30;1000.0;1
17453575;562647883;76980960;2013-08-30;6.0;1
17453575;3404335289;2334312382;2018-07-01;200.0;1
17453575;1081020376;2334312382;2018-07-01;200.0;1
17453575;2497826358;2334312382;2018-07-01;200.0;1
17453575;2636846175;2334312382;2020-01-02;250.0;1
17453575;2060264988;2334312382;2018-07-01;200.0;1
17453575;3205168557;2334312382;2018-07-01;2000.0;1
17453575;3113214373;2334312382;2018-07-01;200.0;1
17453575;4247246681;2334312382;2021-05-31;200.0;1
17453575;2805208638;2334312382;2020-01-02;250.0;1
17453575;2557879624;2334312382;2020-07-02;200.0;1
41498340;517225378;4212814268;2021-07-02;5.0;2
41498340;2507855363;4212814268;2021-07-02;0.0;1
41498340;401013730;790762196;2021-07-02;2.0;2
41498340;208825500;291672851;2021-07-02;0.0;1
41498340;1297709378;291672851;2021-07-02;0.0;1
41498340;3885590955;291672851;2021-07-02;0.0;1
41498340;3930090225;291672851;2021-07-02;0.0;1
41498340;1457231501;291672851;2021-07-02;0.0;1
41498340;251898314;291672851;2021-07-02;0.0;1
41498340;722985978;291672851;2021-07-02;0.0;1
41498340;3549813610;3130424873;2021-07-02;5.0;2
41498340;1703559287;3130424873;2021-07-02;0.0;1
41498340;59973342;3130424873;2021-07-02;0.0;1
41498340;931113261;3130424873;2021-07-02;0.0;1
41498340;4088963607;2334312382;2021-07-02;0.0;1
41498340;562647883;76980960;2021-07-02;0.0;1
41498340;451361109;3552362993;2021-07-02;0.0;1
41498340;213799889;3226552005;2021-07-02;0.0;1
41498340;3722594547;55137634;2021-07-02;0.0;1
41498340;3047578516;3620266624;2021-07-02;0.0;1
41498340;4038098750;3620266624;2021-07-02;0.0;1
2658435;517225378;4212814268;2022-01-01;3000.0;1
2658435;2507855363;4212814268;2008-05-15;0.0;1
2658435;401013730;790762196;2008-05-15;0.0;1
2658435;1794013178;2932253015;2008-05-15;0.0;1
2658435;773714337;2932253015;2008-05-15;0.0;1
2658435;3264781717;2932253015;2008-05-15;0.0;1
2658435;3879190794;2932253015;2008-05-15;0.0;1
2658435;3756945383;2932253015;2008-05-15;0.0;1
2658435;394608683;2932253015;2008-05-15;0.0;1
2658435;3680833098;2932253015;2008-05-15;0.0;1
2658435;1257997507;2932253015;2008-05-15;0.0;1
2658435;1118432461;2932253015;2008-05-15;0.0;1
2658435;99858557;2932253015;2008-05-15;0.0;1
2658435;3239405682;2932253015;2008-05-15;0.0;1
2658435;2103527507;3850018889;2008-05-15;0.0;1
2658435;208825500;291672851;2009-04-02;0.0;1
2658435;3885590955;291672851;2008-05-15;0.0;1
2658435;3549813610;3130424873;2022-01-01;3000.0;1
2658435;1703559287;3130424873;2019-07-09;3000.0;1
2658435;59973342;3130424873;2019-07-09;3000.0;1
2658435;4088963607;2334312382;2012-10-02;800.0;1
2658435;562647883;76980960;2019-07-23;300.0;1
2658435;451361109;3552362993;2008-05-15;0.0;1
2658435;213799889;3226552005;2008-05-15;0.0;1
2658435;3722594547;55137634;2008-05-15;0.0;1
2658435;3047578516;3620266624;2008-05-15;0.0;1
2658435;4038098750;3620266624;2008-05-15;0.0;1
9526594;1794013178;2932253015;2021-07-02;0.0;1
9526594;773714337;2932253015;2021-07-02;0.0;1
9526594;3264781717;2932253015;2021-07-02;0.0;1
9526594;3879190794;2932253015;2021-07-02;0.0;1
9526594;3756945383;2932253015;2021-07-02;0.0;1
9526594;394608683;2932253015;2021-07-02;0.0;1
9526594;3680833098;2932253015;2021-07-02;0.0;1
9526594;1257997507;2932253015;2021-07-02;0.0;1
9526594;1118432461;2932253015;2021-07-02;0.0;1
9526594;99858557;2932253015;2021-07-02;0.0;1
9526594;3239405682;2932253015;2021-07-02;0.0;1
9526594;3352906462;215245658;2021-07-02;0.0;1
9526594;238187707;215245658;2021-07-02;0.0;1
9526594;4139694264;2796048544;2021-07-02;0.0;1
9526594;2247006610;2796048544;2021-07-02;0.0;1
9526594;664244417;2796048544;2021-07-02;0.0;1
9526594;1212492764;2796048544;2021-07-02;0.0;1
9526594;1376025641;2796048544;2021-07-02;0.0;1
9526594;3282491652;2796048544;2021-07-02;0.0;1
9526594;4282307012;2796048544;2021-07-02;0.0;1
9526594;3498183911;3998832198;2021-07-02;0.0;1
9526594;1304795553;2796048544;2021-07-02;0.0;1
9526594;84893611;2796048544;2021-07-02;0.0;1
9526594;261338284;3980542086;2021-07-02;0.0;1
9526594;2134295316;3980542086;2021-07-02;0.0;1
9526594;4029333510;3130424873;2021-07-02;0.0;1
9526594;108748504;3980542086;2021-07-02;0.0;1
9526594;3138124404;3980542086;2021-07-02;0.0;1
9526594;1278864091;3130424873;2021-07-02;0.0;1
9526594;3022833355;3980542086;2021-07-02;0.0;1
9526594;3400674877;3980542086;2021-07-02;0.0;1
9526594;1155441338;1685172514;2021-07-02;0.0;1
9526594;2426173656;3130424873;2021-07-02;0.0;1
9526594;108460112;3130424873;2021-07-02;0.0;1
9526594;3667395183;3850018889;2021-07-02;0.0;1
9526594;2898105392;3850018889;2021-07-02;0.0;1
9526594;2103527507;3850018889;2021-07-02;0.0;1
9526594;3885590955;291672851;2021-07-02;0.0;1
9526594;562647883;76980960;2021-07-02;0.0;1
9526594;451361109;3552362993;2021-07-02;0.0;1
9526594;213799889;3226552005;2021-07-02;0.0;1
9526594;3722594547;55137634;2021-07-02;0.0;1
9526594;3047578516;3620266624;2021-07-02;0.0;1
9526594;4038098750;3620266624;2021-07-02;0.0;1
9526594;3404335289;2334312382;2021-07-02;0.0;1
9526594;2350530616;2334312382;2021-07-02;0.0;1
9526594;137450532;2334312382;2021-07-02;0.0;1
9526594;1081020376;2334312382;2021-07-02;0.0;1
9526594;1977308685;2334312382;2021-07-02;0.0;1
9526594;2497826358;2334312382;2021-07-02;0.0;1
9526594;2636846175;2334312382;2021-07-02;0.0;1
9526594;1060326396;2334312382;2021-07-02;0.0;1
9526594;990522243;2334312382;2021-07-02;0.0;1
9526594;2060264988;2334312382;2021-07-02;0.0;1
9526594;111846818;2334312382;2021-07-02;0.0;1
9526594;2238063555;2334312382;2021-07-02;0.0;1
9526594;3205168557;2334312382;2021-07-02;0.0;1
9526594;3113214373;2334312382;2021-07-02;0.0;1
9526594;1735710467;2334312382;2021-07-02;0.0;1
9526594;4247246681;2334312382;2021-07-02;0.0;1
9526594;1678717024;2334312382;2021-07-02;0.0;1
9526594;2805208638;2334312382;2021-07-02;0.0;1
9526594;2557879624;2334312382;2021-07-02;0.0;1
29030467;517225378;4212814268;1997-01-24;30.0;1
29030467;401013730;790762196;1996-07-25;0.0;1
29030467;261338284;3980542086;2008-04-18;0.0;1
29030467;2134295316;3980542086;2009-11-20;0.0;1
29030467;4029333510;3130424873;1996-07-25;0.0;1
29030467;108748504;3980542086;2009-11-20;0.0;1
29030467;3138124404;3980542086;2009-11-20;0.0;1
29030467;1278864091;3130424873;1996-07-25;0.0;1
29030467;108460112;3130424873;1996-07-25;0.0;1
29030467;2892147488;2334312382;2002-06-18;10.0;1
29030467;2898105392;3850018889;2008-04-18;0.0;1
29030467;2103527507;3850018889;2008-04-18;0.0;1
29030467;3549813610;3130424873;1996-07-25;0.0;1
29030467;1703559287;3130424873;1996-07-25;0.0;1
29030467;59973342;3130424873;1996-07-25;0.0;1
29030467;4088963607;2334312382;2009-11-20;0.0;1
29030467;562647883;76980960;2008-04-18;0.0;1
29030467;3404335289;2334312382;2021-12-30;150.0;1
29030467;137450532;2334312382;2021-12-30;150.0;1
29030467;1081020376;2334312382;2021-12-30;150.0;1
29030467;1977308685;2334312382;2021-12-30;150.0;1
29030467;2497826358;2334312382;2021-12-30;150.0;1
29030467;2636846175;2334312382;2021-12-30;150.0;1
29030467;1060326396;2334312382;2021-12-30;100.0;1
29030467;990522243;2334312382;2021-12-30;150.0;1
29030467;2060264988;2334312382;2021-12-30;150.0;1
29030467;2238063555;2334312382;2021-12-30;150.0;1
29030467;3205168557;2334312382;2021-12-30;800.0;1
29030467;3113214373;2334312382;2021-12-30;80.0;1
29030467;1735710467;2334312382;2021-12-30;0.0;1
29030467;4247246681;2334312382;2021-12-30;150.0;1
29030467;2805208638;2334312382;2021-12-30;150.0;1
29030467;2557879624;2334312382;2021-12-30;0.0;1
